sewershed_id,population_served,sample_collect_date,synthetic_viral_load
752,1075656,2020-01-14,1169933.47766
752,1075656,2020-01-17,393.19517
752,1075656,2020-01-21,367.82206
752,1075656,2020-01-24,356.03289
752,1075656,2020-01-28,384.99554
752,1075656,2020-01-31,363.35274
752,1075656,2020-02-04,342.30819
752,1075656,2020-02-07,416.8087
752,1075656,2020-02-11,400.05752
752,1075656,2020-02-14,451.43718
752,1075656,2020-02-18,416.77351
752,1075656,2020-02-21,383.55268
752,1075656,2020-02-25,368.70185
752,1075656,2020-02-26,183017393.51865
752,1075656,2020-02-28,432.96162
752,1075656,2020-03-03,419.16653
752,1075656,2020-03-06,372.6433
752,1075656,2020-03-07,1050791.00973
752,1075656,2020-03-08,1042273.75932
752,1075656,2020-03-09,1013255.68526
752,1075656,2020-03-10,1037874.58041
752,1075656,2020-03-11,2042772.34051
752,1075656,2020-03-12,968787.7151
752,1075656,2020-03-13,1014840.28998
752,1075656,2020-03-14,1630258.84275
752,1075656,2020-03-15,4259425.30685
752,1075656,2020-03-16,6242035.11996
752,1075656,2020-03-17,11004795.64351
752,1075656,2020-03-18,25537483.72464
752,1075656,2020-03-22,71479929.68884
752,1075656,2020-03-24,27526035.17424
752,1075656,2020-03-25,43294404.6234
752,1075656,2020-03-26,23908448.33271
752,1075656,2020-03-29,261051.67865
752,1075656,2020-03-31,22762104.55846
752,1075656,2020-04-02,45765370.17561
752,1075656,2020-04-06,81748446.7265
752,1075656,2020-04-08,68000581.66604
752,1075656,2020-04-13,74737772.11347
752,1075656,2020-04-15,21606401.98684
752,1075656,2020-04-16,13779839.17791
752,1075656,2020-04-21,63172147.60589
752,1075656,2020-04-22,17227439.87393
752,1075656,2020-04-26,23945472.12065
752,1075656,2020-04-27,22631670.99076
752,1075656,2020-05-02,23437189.25092
752,1075656,2020-05-04,5053992.77529
752,1075656,2020-05-10,10986654.40206
752,1075656,2020-05-20,5117088.48185
752,1075656,2020-05-21,86793344.72405
752,1075656,2020-05-22,16514566.36069
752,1075656,2020-05-23,21027778.6017
752,1075656,2020-05-24,11234804.29097
752,1075656,2020-05-25,20228105.21686
752,1075656,2020-05-26,41482821.92944
752,1075656,2020-05-27,8766582.82103
752,1075656,2020-05-28,10779326.24404
752,1075656,2020-05-29,28892071.36612
752,1075656,2020-05-30,19328530.51839
752,1075656,2020-05-31,19361318.75324
752,1075656,2020-06-01,25437921.42641
752,1075656,2020-06-02,11229582.6668
752,1075656,2020-06-03,18864334.43728
752,1075656,2020-06-04,10608131.40914
752,1075656,2020-06-05,1419608.26767
752,1075656,2020-06-06,5083679.70897
752,1075656,2020-06-07,5742997.87885
752,1075656,2020-06-08,9745010.47448
752,1075656,2020-06-09,10737481.41724
752,1075656,2020-06-10,11441552.71043
752,1075656,2020-06-11,9553466.883
752,1075656,2020-06-12,9054537.69355
752,1075656,2020-06-13,2656853.02779
752,1075656,2020-06-14,3161251.00061
752,1075656,2020-06-15,10794818.98135
752,1075656,2020-06-16,5665060.56794
752,1075656,2020-06-17,5651957.88417
752,1075656,2020-06-18,2853358.37296
752,1075656,2020-06-19,3219974.40878
752,1075656,2020-06-20,2656347.69496
752,1075656,2020-06-21,4829815.75782
752,1075656,2020-06-22,4134268.99482
752,1075656,2020-06-23,1199984.41276
752,1075656,2020-06-24,3959404.81954
752,1075656,2020-06-25,2625311.79064
752,1075656,2020-06-26,6666375.99097
752,1075656,2020-06-27,892565.76045
752,1075656,2020-06-28,5373559.40073
752,1075656,2020-06-29,3627813.21282
752,1075656,2020-06-30,2986952.40193
752,1075656,2020-07-01,11323642.27296
752,1075656,2020-07-02,5857753.36614
752,1075656,2020-07-03,11855903.66405
752,1075656,2020-07-04,2720312.08613
752,1075656,2020-07-05,3967095.03701
752,1075656,2020-07-06,7383633.55507
752,1075656,2020-07-07,4362524.87288
752,1075656,2020-07-08,6831124.53048
752,1075656,2020-07-09,1921625.60574
752,1075656,2020-07-10,1254793.42218
752,1075656,2020-07-11,4862293.48936
752,1075656,2020-07-12,5881055.76437
752,1075656,2020-07-13,5262362.7681
752,1075656,2020-07-15,9847553.55625
752,1075656,2020-07-16,6082721.291
752,1075656,2020-07-17,8729522.38619
752,1075656,2020-07-18,4938139.91802
752,1075656,2020-07-19,6064430.21754
752,1075656,2020-07-20,2356873.89905
752,1075656,2020-07-21,12074167.7583
752,1075656,2020-07-22,7101928.35977
752,1075656,2020-07-23,7332394.86047
752,1075656,2020-07-24,3296992.82704
752,1075656,2020-07-25,3616312.22671
752,1075656,2020-07-26,3798526.72332
752,1075656,2020-07-28,8633910.40468
752,1075656,2020-07-30,5166134.68227
752,1075656,2020-08-02,25890066.60483
752,1075656,2020-08-03,18009884.35728
752,1075656,2020-08-04,10446813.38729
752,1075656,2020-08-05,7137699.33004
752,1075656,2020-08-06,3985625.63167
752,1075656,2020-08-09,8922266.51834
752,1075656,2020-08-11,7756191.74406
752,1075656,2020-08-13,3861317.66802
752,1075656,2020-08-16,5503884.754
752,1075656,2020-08-18,14276303.68387
752,1075656,2020-08-20,10892427.25772
752,1075656,2020-08-23,6737685.55363
752,1075656,2020-08-25,8632632.75245
752,1075656,2020-08-27,12017097.95044
752,1075656,2020-08-30,14051198.83338
752,1075656,2020-09-01,11564863.10017
752,1075656,2020-09-03,28541382.69089
752,1075656,2020-09-06,14536857.1764
752,1075656,2020-09-08,23350750.45618
752,1075656,2020-09-09,9737621.51499
752,1075656,2020-09-10,14085052.77982
752,1075656,2020-09-11,6607114.04297
752,1075656,2020-09-12,7599287.91869
752,1075656,2020-09-13,7794635.01751
752,1075656,2020-09-14,25152159.09555
752,1075656,2020-09-15,34418066.89368
752,1075656,2020-09-16,13267067.22201
752,1075656,2020-09-17,14639520.30799
752,1075656,2020-09-18,18784058.804
752,1075656,2020-09-19,22946099.51079
752,1075656,2020-09-20,16431740.74246
752,1075656,2020-09-21,12637893.49194
752,1075656,2020-09-22,10526649.58359
752,1075656,2020-09-23,15147486.51011
752,1075656,2020-09-24,15523343.54495
752,1075656,2020-09-27,12649638.52746
752,1075656,2020-09-29,14108022.86558
752,1075656,2020-10-01,18726247.4891
752,1075656,2020-10-04,12951042.71845
752,1075656,2020-10-06,22132223.19268
752,1075656,2020-10-08,17767023.69987
752,1075656,2020-10-11,11506650.47093
752,1075656,2020-10-13,24662915.00772
752,1075656,2020-10-15,26783827.73882
752,1075656,2020-10-17,24189645.97705
752,1075656,2020-10-18,47177099.75894
752,1075656,2020-10-19,43080681.62124
752,1075656,2020-10-20,74545165.45108
752,1075656,2020-10-21,62869119.69955
752,1075656,2020-10-22,40226623.78998
752,1075656,2020-10-23,28786617.20136
752,1075656,2020-10-24,55216594.6614
752,1075656,2020-10-25,42082937.28531
752,1075656,2020-10-26,33116629.16212
752,1075656,2020-10-27,45367669.15677
752,1075656,2020-10-28,38885547.37603
752,1075656,2020-10-29,29810278.74522
752,1075656,2020-10-30,15416102.86916
752,1075656,2020-10-31,32479665.28618
752,1075656,2020-11-01,46574502.69145
752,1075656,2020-11-02,62938062.0427
752,1075656,2020-11-03,60694363.87168
752,1075656,2020-11-04,78455423.24744
752,1075656,2020-11-05,67686635.95885
752,1075656,2020-11-06,57405974.36525
752,1075656,2020-11-07,52494611.46825
752,1075656,2020-11-08,53092578.81901
752,1075656,2020-11-09,72997815.31602
752,1075656,2020-11-10,68735805.74369
752,1075656,2020-11-11,77457474.37615
752,1075656,2020-11-12,63346515.48912
752,1075656,2020-11-13,89715120.55303
752,1075656,2020-11-14,92300632.54422
752,1075656,2020-11-15,78681945.2207
752,1075656,2020-11-16,86462020.05754
752,1075656,2020-11-17,138506808.87259
752,1075656,2020-11-18,84372497.08364
752,1075656,2020-11-19,87094742.03306
752,1075656,2020-11-20,58365527.77537
752,1075656,2020-11-21,81069319.96334
752,1075656,2020-11-22,125531362.62869
752,1075656,2020-11-23,173746953.74127
752,1075656,2020-11-24,116097848.95974
752,1075656,2020-11-25,201376893.6546
752,1075656,2020-11-26,105064011.50559
752,1075656,2020-11-27,149448125.48498
752,1075656,2020-11-28,111273257.90351
752,1075656,2020-11-29,106948350.59746
752,1075656,2020-11-30,160382817.56618
752,1075656,2020-12-01,64386302.85864
752,1075656,2020-12-02,151089300.42227
752,1075656,2020-12-03,233885950.64807
752,1075656,2020-12-04,155952954.83944
752,1075656,2020-12-05,256085173.674
752,1075656,2020-12-06,146934316.62551
752,1075656,2020-12-07,162546275.39481
752,1075656,2020-12-08,201518112.4519
752,1075656,2020-12-09,211589038.50244
752,1075656,2020-12-10,219962664.47195
752,1075656,2020-12-11,195046403.9405
752,1075656,2020-12-12,230092859.81319
752,1075656,2020-12-13,240998754.53157
752,1075656,2020-12-14,264634012.81974
752,1075656,2020-12-15,275063000.68878
752,1075656,2020-12-16,323069225.78012
752,1075656,2020-12-17,205250311.07548
752,1075656,2020-12-18,130970042.84007
752,1075656,2020-12-19,178201797.02451
752,1075656,2020-12-20,264075122.26151
752,1075656,2020-12-21,227409259.38542
752,1075656,2020-12-22,289978108.89131
752,1075656,2020-12-23,194568119.09635
752,1075656,2020-12-24,201182566.27503
752,1075656,2020-12-26,88060866.45079
752,1075656,2020-12-27,143649649.46713
752,1075656,2020-12-28,302119527.75966
752,1075656,2020-12-29,226227227.04273
752,1075656,2020-12-30,314668765.05639
752,1075656,2020-12-31,237568947.1198
752,1075656,2021-01-01,182692222.54869
752,1075656,2021-01-02,236287846.83167
752,1075656,2021-01-03,289246796.8533
752,1075656,2021-01-04,248927446.24615
752,1075656,2021-01-05,408319896.95131
752,1075656,2021-01-06,301478122.17431
752,1075656,2021-01-07,340277282.56136
752,1075656,2021-01-08,345814886.1747
752,1075656,2021-01-09,323432379.96143
752,1075656,2021-01-10,373138800.70805
752,1075656,2021-01-11,223271563.46389
752,1075656,2021-01-12,393717278.58894
752,1075656,2021-01-14,358920198.97034
752,1075656,2021-01-15,332549188.01467
752,1075656,2021-01-16,385022335.58757
752,1075656,2021-01-17,250002017.65164
752,1075656,2021-01-18,349828965.11991
752,1075656,2021-01-19,241427761.43187
752,1075656,2021-01-20,213234345.74625
752,1075656,2021-01-21,223361791.45674
752,1075656,2021-01-22,340694304.11132
752,1075656,2021-01-23,1375847664.16585
752,1075656,2021-01-24,367248508.41141
752,1075656,2021-01-25,275196018.20718
752,1075656,2021-01-26,168264989.58646
752,1075656,2021-01-27,234757166.7895
752,1075656,2021-01-28,224379812.52833
752,1075656,2021-01-29,180134605.09931
752,1075656,2021-01-30,154869782.78763
752,1075656,2021-01-31,156846698.16233
752,1075656,2021-02-01,202353149.69339
752,1075656,2021-02-02,159580027.69588
752,1075656,2021-02-03,173174787.05045
752,1075656,2021-02-04,154897780.7456
752,1075656,2021-02-05,131193548.67452
752,1075656,2021-02-06,162420574.16058
752,1075656,2021-02-07,117410333.00562
752,1075656,2021-02-08,191536524.22065
752,1075656,2021-02-09,102242408.71323
752,1075656,2021-02-10,174417752.1745
752,1075656,2021-02-11,150673285.66384
752,1075656,2021-02-12,115867691.89071
752,1075656,2021-02-13,158013519.11186
752,1075656,2021-02-14,162968714.61533
752,1075656,2021-02-15,231485953.5428
752,1075656,2021-02-16,191703622.76982
752,1075656,2021-02-17,182357744.31525
752,1075656,2021-02-18,193392942.54852
752,1075656,2021-02-19,179860160.34288
752,1075656,2021-02-20,149986713.12582
752,1075656,2021-02-21,151378897.76853
752,1075656,2021-02-22,130945435.55031
752,1075656,2021-02-23,143243624.86525
752,1075656,2021-02-24,153444055.62249
752,1075656,2021-02-25,70803182.51672
752,1075656,2021-02-27,175117683.69356
752,1075656,2021-02-28,217427711.84162
752,1075656,2021-03-01,127080934.86822
752,1075656,2021-03-02,146667746.32542
752,1075656,2021-03-03,447561186.01939
752,1075656,2021-03-04,144764292.9384
752,1075656,2021-03-05,141165131.5674
752,1075656,2021-03-06,111008641.87552
752,1075656,2021-03-07,183233700.20207
752,1075656,2021-03-08,107572401.70117
752,1075656,2021-03-09,88349656.0552
752,1075656,2021-03-10,141259799.1122
752,1075656,2021-03-11,106594741.04068
752,1075656,2021-03-12,126401259.47375
752,1075656,2021-03-13,131376436.67472
752,1075656,2021-03-14,158853061.33447
752,1075656,2021-03-15,196297003.30917
752,1075656,2021-03-16,142287284.5623
752,1075656,2021-03-17,145428226.68515
752,1075656,2021-03-18,142320800.05678
752,1075656,2021-03-19,117196135.68178
752,1075656,2021-03-20,166051193.93361
752,1075656,2021-03-21,182414057.26815
752,1075656,2021-03-22,149239382.91334
752,1075656,2021-03-23,148584876.32441
752,1075656,2021-03-24,133334004.20031
752,1075656,2021-03-26,168132198.12808
752,1075656,2021-03-27,150942596.33086
752,1075656,2021-03-28,181977668.26928
752,1075656,2021-03-29,142211186.87491
752,1075656,2021-03-30,143269039.1384
752,1075656,2021-03-31,202222697.77157
752,1075656,2021-04-01,170605504.19396
752,1075656,2021-04-02,131720377.05483
752,1075656,2021-04-03,102887996.22336
752,1075656,2021-04-04,152112189.40971
752,1075656,2021-04-05,182319549.93329
752,1075656,2021-04-06,143893589.07391
752,1075656,2021-04-07,145233333.16202
752,1075656,2021-04-08,194020885.89572
752,1075656,2021-04-09,148851496.70555
752,1075656,2021-04-10,147360419.55689
752,1075656,2021-04-11,116076550.86507
752,1075656,2021-04-12,129493583.2432
752,1075656,2021-04-13,151061305.88153
752,1075656,2021-04-14,145239628.52054
752,1075656,2021-04-15,141547741.47106
752,1075656,2021-04-16,195640820.98409
752,1075656,2021-04-17,109288772.34381
752,1075656,2021-04-18,51992339.71218
752,1075656,2021-04-19,89328381.19267
752,1075656,2021-04-20,106618001.59304
752,1075656,2021-04-21,129232146.38947
752,1075656,2021-04-22,62382493.61481
752,1075656,2021-04-23,95102556.14435
752,1075656,2021-04-24,78871910.94152
752,1075656,2021-04-25,64403287.89584
752,1075656,2021-04-26,78538461.06307
752,1075656,2021-04-27,69870796.66831
752,1075656,2021-04-28,108813648.01049
752,1075656,2021-04-29,71683177.37035
752,1075656,2021-04-30,56749147.4897
752,1075656,2021-05-01,44308213.98778
752,1075656,2021-05-02,50443536.39262
752,1075656,2021-05-03,44804121.47257
752,1075656,2021-05-04,53903799.91645
752,1075656,2021-05-05,42959444.75165
752,1075656,2021-05-06,36585535.38258
752,1075656,2021-05-07,52833737.00121
752,1075656,2021-05-08,50028296.94602
752,1075656,2021-05-09,51397032.18378
752,1075656,2021-05-10,27198235.90519
752,1075656,2021-05-11,30509301.58449
752,1075656,2021-05-12,46534205.98148
752,1075656,2021-05-13,42477405.26125
752,1075656,2021-05-14,47598223.39507
752,1075656,2021-05-15,31844355.95832
752,1075656,2021-05-16,34573999.86573
752,1075656,2021-05-17,69207348.72271
752,1075656,2021-05-18,34218554.73558
752,1075656,2021-05-19,30607647.83497
752,1075656,2021-05-20,34557904.55349
752,1075656,2021-05-21,27596913.48855
752,1075656,2021-05-22,17722625.94842
752,1075656,2021-05-23,31555286.46916
752,1075656,2021-05-24,45682017.01321
752,1075656,2021-05-25,16634329.25525
752,1075656,2021-05-26,26102670.51267
752,1075656,2021-05-27,8311476.13169
752,1075656,2021-05-28,27196356.36513
752,1075656,2021-05-29,17996486.26458
752,1075656,2021-05-30,12230029.70922
752,1075656,2021-05-31,20923782.11024
752,1075656,2021-06-01,14219404.68994
752,1075656,2021-06-02,10174700.9546
752,1075656,2021-06-03,22881155.10685
752,1075656,2021-06-05,11389970.49309
752,1075656,2021-06-06,11773142.49601
752,1075656,2021-06-07,8450360.41972
752,1075656,2021-06-08,18287249.6639
752,1075656,2021-06-09,13902267.58587
752,1075656,2021-06-10,17267579.84962
752,1075656,2021-06-11,11717345.71032
752,1075656,2021-06-12,5756334.43984
752,1075656,2021-06-13,4315863.92606
752,1075656,2021-06-14,2120255.44385
752,1075656,2021-06-15,822127.50474
752,1075656,2021-06-16,4614672.79978
752,1075656,2021-06-17,2657076.04354
752,1075656,2021-06-18,2474446.68649
752,1075656,2021-06-19,24310650.97578
752,1075656,2021-06-20,6090538.60479
752,1075656,2021-06-21,2260885.77344
752,1075656,2021-06-22,5178322.96002
752,1075656,2021-06-23,787701.42777
752,1075656,2021-06-24,750816.34531
752,1075656,2021-06-25,4898723.27674
752,1075656,2021-06-26,1316186.48042
752,1075656,2021-06-27,4385257.42998
752,1075656,2021-06-28,7581719.33561
752,1075656,2021-06-29,9693785.14241
752,1075656,2021-06-30,2960078.25732
752,1075656,2021-07-01,8840572.14379
752,1075656,2021-07-02,9327989.52048
752,1075656,2021-07-03,3922027.55594
752,1075656,2021-07-04,6501449.88139
752,1075656,2021-07-05,7310799.74091
752,1075656,2021-07-06,1312289.26729
752,1075656,2021-07-07,3751709.03471
752,1075656,2021-07-08,5798261.50002
752,1075656,2021-07-09,14226983.24107
752,1075656,2021-07-10,13045701.98255
752,1075656,2021-07-11,14029884.69355
752,1075656,2021-07-12,6595591.07716
752,1075656,2021-07-13,3200475.35659
752,1075656,2021-07-14,5820391.47092
752,1075656,2021-07-15,10304811.10267
752,1075656,2021-07-16,8431721.55442
752,1075656,2021-07-17,4571860.69602
752,1075656,2021-07-18,6154607.4959
752,1075656,2021-07-19,2919346.055
752,1075656,2021-07-20,18815072.60755
752,1075656,2021-07-21,16064574.38478
752,1075656,2021-07-22,21615913.14439
752,1075656,2021-07-23,40933613.8073
752,1075656,2021-07-24,30523537.07374
752,1075656,2021-07-25,25786218.93833
752,1075656,2021-07-26,36437814.35669
752,1075656,2021-07-27,37257254.71027
752,1075656,2021-07-28,32291501.19804
752,1075656,2021-07-29,27501714.71947
752,1075656,2021-07-30,61827436.55416
752,1075656,2021-07-31,64004207.4067
752,1075656,2021-08-01,80063434.23672
752,1075656,2021-08-02,86327306.88039
752,1075656,2021-08-03,24496117.96373
752,1075656,2021-08-04,89040584.59256
752,1075656,2021-08-05,33386437.45535
752,1075656,2021-08-06,47419853.88695
752,1075656,2021-08-07,44281178.12703
752,1075656,2021-08-08,45484065.37394
752,1075656,2021-08-09,66581235.51742
752,1075656,2021-08-10,49219711.93595
752,1075656,2021-08-11,44736514.17237
752,1075656,2021-08-12,59757845.66295
752,1075656,2021-08-13,41624880.87455
752,1075656,2021-08-14,29603442.41437
752,1075656,2021-08-15,40981509.59892
752,1075656,2021-08-16,61805464.57328
752,1075656,2021-08-17,23795999.75216
752,1075656,2021-08-18,42422269.92257
752,1075656,2021-08-19,32880323.17811
752,1075656,2021-08-20,28931998.91306
752,1075656,2021-08-21,43793421.93477
752,1075656,2021-08-22,32358721.62906
752,1075656,2021-08-23,80919572.88566
752,1075656,2021-08-24,57677949.58212
752,1075656,2021-08-25,88468125.40324
752,1075656,2021-08-26,55514807.18515
752,1075656,2021-08-27,50001278.68514
752,1075656,2021-08-28,54258603.2195
752,1075656,2021-08-29,60802294.18718
752,1075656,2021-08-30,95888840.41505
752,1075656,2021-08-31,49410302.02738
752,1075656,2021-09-01,61248871.3323
752,1075656,2021-09-02,37795075.12365
752,1075656,2021-09-03,104643426.96089
752,1075656,2021-09-04,138139529.15932
752,1075656,2021-09-05,82373681.84273
752,1075656,2021-09-06,98632804.82343
752,1075656,2021-09-07,54740377.21336
752,1075656,2021-09-08,48240471.08647
752,1075656,2021-09-09,56637502.82778
752,1075656,2021-09-10,83706611.50687
752,1075656,2021-09-11,72594568.03935
752,1075656,2021-09-12,50887619.46757
752,1075656,2021-09-13,50694445.41908
752,1075656,2021-09-14,91990050.86495
752,1075656,2021-09-15,35317146.24081
752,1075656,2021-09-16,79466506.0698
752,1075656,2021-09-17,49496968.38729
752,1075656,2021-09-18,56450784.57222
752,1075656,2021-09-19,53320078.85352
752,1075656,2021-09-20,26359993.72347
752,1075656,2021-09-21,33062467.27579
752,1075656,2021-09-22,15804662.68587
752,1075656,2021-09-23,29195016.24322
752,1075656,2021-09-24,27490561.29216
752,1075656,2021-09-25,35630759.01267
752,1075656,2021-09-26,28562331.61798
752,1075656,2021-09-27,31945210.20964
752,1075656,2021-09-28,50680912.91102
752,1075656,2021-09-29,55850660.4303
752,1075656,2021-09-30,22557702.59095
752,1075656,2021-10-01,102879812.07075
752,1075656,2021-10-02,76166172.63109
752,1075656,2021-10-03,87852615.96225
752,1075656,2021-10-04,72904463.46935
752,1075656,2021-10-05,76136973.95991
752,1075656,2021-10-06,35351865.30965
752,1075656,2021-10-07,76857863.13788
752,1075656,2021-10-08,84559054.20871
752,1075656,2021-10-09,65646832.11755
752,1075656,2021-10-10,64043237.69984
752,1075656,2021-10-11,72324917.0044
752,1075656,2021-10-12,42854088.62841
752,1075656,2021-10-13,123192299.66706
752,1075656,2021-10-14,51491948.07115
752,1075656,2021-10-15,84012513.69393
752,1075656,2021-10-16,50000946.18503
752,1075656,2021-10-17,72153349.44682
752,1075656,2021-10-18,68403130.89578
752,1075656,2021-10-19,54102432.16139
752,1075656,2021-10-20,33993665.90069
752,1075656,2021-10-21,35320204.24366
752,1075656,2021-10-22,100659950.51119
752,1075656,2021-10-23,117055943.92662
752,1075656,2021-10-24,60304717.50617
752,1075656,2021-10-25,49934932.75001
752,1075656,2021-10-26,58993909.35195
752,1075656,2021-10-27,92276987.73864
752,1075656,2021-10-28,60508654.02822
752,1075656,2021-10-29,77164727.33382
752,1075656,2021-10-30,85158836.03303
752,1075656,2021-10-31,69463832.93302
752,1075656,2021-11-01,42205929.21231
752,1075656,2021-11-02,82476875.71198
752,1075656,2021-11-03,96439781.45797
752,1075656,2021-11-04,102513388.25294
752,1075656,2021-11-05,49951483.15174
752,1075656,2021-11-06,65902345.39696
752,1075656,2021-11-07,62287144.87754
752,1075656,2021-11-08,89742459.38065
752,1075656,2021-11-09,72531976.66408
752,1075656,2021-11-10,109982207.92311
752,1075656,2021-11-11,69446990.34021
752,1075656,2021-11-12,152429753.97741
752,1075656,2021-11-13,159895993.11163
752,1075656,2021-11-14,120923712.02683
752,1075656,2021-11-15,173394945.24352
752,1075656,2021-11-16,115298031.7279
752,1075656,2021-11-17,87450853.19482
752,1075656,2021-11-18,226365405.87472
752,1075656,2021-11-19,176672903.84561
752,1075656,2021-11-20,98302188.93333
752,1075656,2021-11-21,149130504.32571
752,1075656,2021-11-22,186482941.50123
752,1075656,2021-11-23,199713953.21599
752,1075656,2021-11-24,174591988.40621
752,1075656,2021-11-25,149889851.38764
752,1075656,2021-11-26,168657640.30396
752,1075656,2021-11-27,184308630.48737
752,1075656,2021-11-28,228548693.76202
752,1075656,2021-11-29,432826350.19405
752,1075656,2021-11-30,309584770.22148
752,1075656,2021-12-01,322806873.40156
752,1075656,2021-12-02,370279353.97806
752,1075656,2021-12-03,411682407.72392
752,1075656,2021-12-04,298686794.09982
752,1075656,2021-12-05,385664138.32552
752,1075656,2021-12-06,187759341.56099
752,1075656,2021-12-07,241689248.43396
752,1075656,2021-12-08,186521158.77543
752,1075656,2021-12-09,318645357.00646
752,1075656,2021-12-10,364596488.70133
752,1075656,2021-12-11,438137088.11654
752,1075656,2021-12-12,608758480.82632
752,1075656,2021-12-13,338815953.15733
752,1075656,2021-12-14,308265879.12166
752,1075656,2021-12-15,303363762.80492
752,1075656,2021-12-16,506350947.76407
752,1075656,2021-12-17,426765057.58906
752,1075656,2021-12-18,490320844.10566
752,1075656,2021-12-19,536190292.42669
752,1075656,2021-12-20,419677641.43095
752,1075656,2021-12-21,632656096.47689
752,1075656,2021-12-22,843028543.97149
752,1075656,2021-12-23,793194779.92749
752,1075656,2021-12-24,700180856.67957
752,1075656,2021-12-25,1457037109.46756
752,1075656,2021-12-26,1330369228.3765
752,1075656,2021-12-27,1171369852.58973
752,1075656,2021-12-28,2039378831.11181
752,1075656,2021-12-29,1657793951.60728
752,1075656,2021-12-30,3519642779.02178
752,1075656,2021-12-31,3053779610.39122
752,1075656,2022-01-01,2451186343.03681
752,1075656,2022-01-02,2644717470.62787
752,1075656,2022-01-03,1222618955.87137
752,1075656,2022-01-04,1601146398.16319
752,1075656,2022-01-05,1671792146.43635
752,1075656,2022-01-06,1845621814.36704
752,1075656,2022-01-07,1697647503.5627
752,1075656,2022-01-08,1700587761.13277
752,1075656,2022-01-09,1827427826.71244
752,1075656,2022-01-10,1684502475.40658
752,1075656,2022-01-11,925017323.87068
752,1075656,2022-01-12,1329140091.02751
752,1075656,2022-01-13,937983386.48505
752,1075656,2022-01-14,903282727.87479
752,1075656,2022-01-15,834242381.21387
752,1075656,2022-01-16,744539284.55823
752,1075656,2022-01-17,759835217.13023
752,1075656,2022-01-18,667887650.27673
752,1075656,2022-01-20,433528399.93917
752,1075656,2022-01-21,447472206.71356
752,1075656,2022-01-22,448983723.403
752,1075656,2022-01-23,402559014.30314
752,1075656,2022-01-24,445375453.60329
752,1075656,2022-01-25,330682535.89375
752,1075656,2022-01-26,241588673.4439
752,1075656,2022-01-27,199132180.03218
752,1075656,2022-01-28,311551558.01437
752,1075656,2022-01-29,224171510.5662
752,1075656,2022-01-30,274038325.29574
752,1075656,2022-01-31,161476544.52093
752,1075656,2022-02-01,179163830.71846
752,1075656,2022-02-02,99162568.72819
752,1075656,2022-02-03,149353257.83207
752,1075656,2022-02-04,192601478.91536
752,1075656,2022-02-05,86448108.25381
752,1075656,2022-02-06,109322979.45297
752,1075656,2022-02-07,34338391.00515
752,1075656,2022-02-08,36896492.24228
752,1075656,2022-02-09,54990866.76018
752,1075656,2022-02-10,104367784.15745
752,1075656,2022-02-11,176224925.09992
752,1075656,2022-02-12,147242612.17381
752,1075656,2022-02-13,107443024.58649
752,1075656,2022-02-14,128071272.5805
752,1075656,2022-02-15,134281374.55895
752,1075656,2022-02-16,81635319.1106
752,1075656,2022-02-17,147610704.54565
752,1075656,2022-02-18,162146316.79999
752,1075656,2022-02-19,150706429.54968
752,1075656,2022-02-20,139128043.77766
752,1075656,2022-02-21,138525417.21917
752,1075656,2022-02-22,139980154.82112
752,1075656,2022-02-23,72007980.7717
752,1075656,2022-02-24,131786970.33133
752,1075656,2022-02-25,92876000.74618
752,1075656,2022-02-26,70658945.74247
752,1075656,2022-02-27,81469919.77029
752,1075656,2022-02-28,83302999.48829
752,1075656,2022-03-01,231826236.96236
752,1075656,2022-03-02,177114836.04262
752,1075656,2022-03-03,197174722.13426
752,1075656,2022-03-04,113016413.82313
752,1075656,2022-03-05,85553385.45709
752,1075656,2022-03-06,100517093.8696
752,1075656,2022-03-07,123206775.10272
752,1075656,2022-03-08,212356202.08368
752,1075656,2022-03-09,118794975.55919
752,1075656,2022-03-10,237816256.31261
752,1075656,2022-03-11,167350366.50673
752,1075656,2022-03-12,129554840.31963
752,1075656,2022-03-13,137021228.235
752,1075656,2022-03-14,192768143.96441
752,1075656,2022-03-15,169148588.99117
752,1075656,2022-03-16,101740813.96371
752,1075656,2022-03-17,218099527.27122
752,1075656,2022-03-18,159858127.08241
752,1075656,2022-03-19,129208275.49973
752,1075656,2022-03-20,101348134.96607
752,1075656,2022-03-21,126542078.0369
752,1075656,2022-03-22,188470360.4471
752,1075656,2022-03-23,190281981.44642
752,1075656,2022-03-24,262460112.90284
752,1075656,2022-03-25,189037988.57375
752,1075656,2022-03-26,181346308.35945
752,1075656,2022-03-27,211555736.88118
752,1075656,2022-03-28,323220190.02348
752,1075656,2022-03-29,233300550.87427
752,1075656,2022-03-30,206148065.08039
752,1075656,2022-03-31,513936309.37948
752,1075656,2022-04-01,548790396.49928
752,1075656,2022-04-02,350391112.58076
752,1075656,2022-04-03,214544620.95827
752,1075656,2022-04-04,334373571.75411
752,1075656,2022-04-05,1007644542.24999
752,1075656,2022-04-06,311370205.01366
752,1075656,2022-04-07,539963955.20966
752,1075656,2022-04-08,443796966.90739
752,1075656,2022-04-09,409701642.77503
752,1075656,2022-04-10,400293439.56679
752,1075656,2022-04-11,397193917.81356
752,1075656,2022-04-12,548506964.96972
752,1075656,2022-04-13,484764290.96583
752,1075656,2022-04-14,1168988393.01027
752,1075656,2022-04-15,673905002.6833
752,1075656,2022-04-16,460058377.07398
752,1075656,2022-04-17,428395184.18227
752,1075656,2022-04-18,463881958.18499
752,1075656,2022-04-19,452211626.19218
752,1075656,2022-04-20,650851626.51091
752,1075656,2022-04-21,562281383.08529
752,1075656,2022-04-22,488409886.64062
752,1075656,2022-04-23,966669463.62922
752,1075656,2022-04-24,568771185.67981
752,1075656,2022-04-25,635486069.69008
752,1075656,2022-04-26,546171192.96817
752,1075656,2022-04-27,719563951.4364
752,1075656,2022-04-28,680222377.10605
752,1075656,2022-04-29,585524433.88164
752,1075656,2022-04-30,564896077.8978
752,1075656,2022-05-01,592908836.51971
752,1075656,2022-05-02,479986626.88514
752,1075656,2022-05-03,620037068.46349
752,1075656,2022-05-04,651305978.97627
752,1075656,2022-05-05,845568734.97359
752,1075656,2022-05-06,730794592.71396
752,1075656,2022-05-07,535915704.35573
752,1075656,2022-05-08,771985577.41042
752,1075656,2022-05-09,607110849.7864
752,1075656,2022-05-10,697890223.23564
752,1075656,2022-05-11,1825997730.8269
752,1075656,2022-05-12,1084716447.05917
752,1075656,2022-05-13,850037905.51462
752,1075656,2022-05-14,783826407.10017
752,1075656,2022-05-15,762938868.47128
752,1075656,2022-05-16,592391643.62972
752,1075656,2022-05-17,868566503.13019
752,1075656,2022-05-18,1210486554.67537
752,1075656,2022-05-19,854035722.90422
752,1075656,2022-05-20,929987843.47865
752,1075656,2022-05-21,834461153.77958
752,1075656,2022-05-22,920059838.56649
752,1075656,2022-05-23,571432969.93919
752,1075656,2022-05-24,788486303.97519
752,1075656,2022-05-25,1130112370.00885
752,1075656,2022-05-26,889085907.01426
752,1075656,2022-05-27,510773165.65388
752,1075656,2022-05-28,519358122.89143
752,1075656,2022-05-29,571227878.96489
752,1075656,2022-05-30,608498908.79362
752,1075656,2022-05-31,563988911.7984
752,1075656,2022-06-01,1008625857.08744
752,1075656,2022-06-02,675803774.3026
752,1075656,2022-06-03,425015138.09801
752,1075656,2022-06-04,443472132.42918
752,1075656,2022-06-05,429198943.05767
752,1075656,2022-06-06,651988566.83494
752,1075656,2022-06-07,443399988.68189
752,1075656,2022-06-08,513211601.831
752,1075656,2022-06-09,516908311.84535
752,1075656,2022-06-10,479940732.56707
752,1075656,2022-06-12,473946062.90197
752,1075656,2022-06-13,302570292.46063
752,1075656,2022-06-14,545408052.22015
752,1075656,2022-06-15,325815465.06957
752,1075656,2022-06-16,371285934.65285
752,1075656,2022-06-17,201335563.88466
752,1075656,2022-06-18,544337547.2252
752,1075656,2022-06-19,255203550.25611
752,1075656,2022-06-20,220517464.00702
752,1075656,2022-06-21,371940151.7738
752,1075656,2022-06-22,413634624.64678
752,1075656,2022-06-23,284824093.03726
752,1075656,2022-06-24,284013579.05398
752,1075656,2022-06-25,339224653.79965
752,1075656,2022-06-26,301303037.76604
752,1075656,2022-06-27,421091837.91487
752,1075656,2022-06-28,417094671.77155
752,1075656,2022-06-29,376865149.65741
752,1075656,2022-06-30,686765240.66414
752,1075656,2022-07-01,381492548.29246
752,1075656,2022-07-02,436326120.14965
752,1075656,2022-07-03,341623112.59451
752,1075656,2022-07-04,341603541.5613
752,1075656,2022-07-05,321767167.26312
752,1075656,2022-07-06,197185994.98158
752,1075656,2022-07-07,451853428.84821
752,1075656,2022-07-08,392016563.30179
752,1075656,2022-07-09,307166049.62044
752,1075656,2022-07-10,219437707.68596
752,1075656,2022-07-11,254533565.47828
752,1075656,2022-07-12,512563897.39227
752,1075656,2022-07-13,390784653.43087
752,1075656,2022-07-14,317238713.87856
752,1075656,2022-07-15,233522228.04641
752,1075656,2022-07-16,248392763.67588
752,1075656,2022-07-17,229325178.72072
752,1075656,2022-07-18,307833761.69997
752,1075656,2022-07-19,247506756.7103
752,1075656,2022-07-20,467082407.12327
752,1075656,2022-07-21,308252567.76298
752,1075656,2022-07-22,312623926.01389
752,1075656,2022-07-23,214095258.34132
752,1075656,2022-07-24,304680570.23722
752,1075656,2022-07-25,202521954.85122
752,1075656,2022-07-26,277492365.2196
752,1075656,2022-07-27,221465275.05929
752,1075656,2022-07-28,351075891.029
752,1075656,2022-07-29,345835118.42033
752,1075656,2022-07-30,281045513.56563
752,1075656,2022-07-31,286177417.13094
752,1075656,2022-08-01,300787063.42366
752,1075656,2022-08-02,286207254.64675
752,1075656,2022-08-03,435501842.0537
752,1075656,2022-08-04,281943771.33189
752,1075656,2022-08-05,311795500.27728
752,1075656,2022-08-06,262615517.99259
752,1075656,2022-08-07,307401686.07071
752,1075656,2022-08-08,254090779.02426
752,1075656,2022-08-09,381612405.45662
752,1075656,2022-08-10,286216153.84379
752,1075656,2022-08-11,236137952.32097
752,1075656,2022-08-12,245904681.92817
752,1075656,2022-08-13,127542195.07015
752,1075656,2022-08-14,136118799.1228
752,1075656,2022-08-15,221345974.1701
752,1075656,2022-08-16,252736293.21674
752,1075656,2022-08-17,245240640.33135
752,1075656,2022-08-18,310060886.32274
752,1075656,2022-08-19,288891042.68776
752,1075656,2022-08-20,246903801.99376
752,1075656,2022-08-21,241611357.02753
752,1075656,2022-08-22,230019939.07468
752,1075656,2022-08-23,181083889.68126
752,1075656,2022-08-24,176930941.02922
752,1075656,2022-08-25,265192452.19687
752,1075656,2022-08-26,843053379.03699
752,1075656,2022-08-27,204331579.32693
752,1075656,2022-08-28,193901831.65567
752,1075656,2022-08-29,324368752.06655
752,1075656,2022-08-30,312299349.52053
752,1075656,2022-08-31,208915382.17345
752,1075656,2022-09-01,213325818.03586
752,1075656,2022-09-02,336383627.76977
752,1075656,2022-09-03,257940627.70881
752,1075656,2022-09-04,241996089.50103
752,1075656,2022-09-05,261853530.39243
752,1075656,2022-09-06,478891801.24931
752,1075656,2022-09-07,383800249.38366
752,1075656,2022-09-08,350209165.88042
752,1075656,2022-09-09,309092346.85184
752,1075656,2022-09-10,226812677.84454
752,1075656,2022-09-11,228369402.13793
752,1075656,2022-09-12,182867116.49889
752,1075656,2022-09-13,367104524.50706
752,1075656,2022-09-14,389661831.36854
752,1075656,2022-09-15,344463707.13959
752,1075656,2022-09-16,388311159.10064
752,1075656,2022-09-17,233707913.55053
752,1075656,2022-09-18,356519241.58285
752,1075656,2022-09-19,461640283.16285
752,1075656,2022-09-20,479611755.80258
752,1075656,2022-09-21,342017209.20722
752,1075656,2022-09-22,441883599.97007
752,1075656,2022-09-23,311008262.89113
752,1075656,2022-09-24,306628874.67868
752,1075656,2022-09-25,382579414.48532
752,1075656,2022-09-26,387163158.17674
752,1075656,2022-09-27,367655248.2368
752,1075656,2022-09-28,343951140.71105
752,1075656,2022-09-29,378968974.91962
752,1075656,2022-09-30,501212232.20849
752,1075656,2022-10-01,248534228.9872
752,1075656,2022-10-02,219411135.55548
752,1075656,2022-10-03,222739929.24956
752,1075656,2022-10-04,369441654.89917
752,1075656,2022-10-05,349153013.07637
752,1075656,2022-10-06,556405612.08631
752,1075656,2022-10-07,505708380.96268
752,1075656,2022-10-08,357771355.31869
752,1075656,2022-10-09,288274103.58523
752,1075656,2022-10-10,339984957.22212
752,1075656,2022-10-11,211024759.00599
752,1075656,2022-10-12,399031206.43858
752,1075656,2022-10-13,318780227.8337
752,1075656,2022-10-14,555740446.60416
752,1075656,2022-10-15,425552277.5581
752,1075656,2022-10-16,361888861.70914
752,1075656,2022-10-17,372150537.25428
752,1075656,2022-10-18,392342914.85082
752,1075656,2022-10-19,333285737.0627
752,1075656,2022-10-20,310230786.06334
752,1075656,2022-10-21,693102606.43206
752,1075656,2022-10-22,413887875.27941
752,1075656,2022-10-23,262704259.68029
752,1075656,2022-10-24,295781723.16193
752,1075656,2022-10-25,386692237.71018
752,1075656,2022-10-26,427431994.486
752,1075656,2022-10-27,420523128.1411
752,1075656,2022-10-28,290952303.70392
752,1075656,2022-10-29,258191445.76546
752,1075656,2022-10-30,252620723.16929
752,1075656,2022-10-31,226257135.47675
752,1075656,2022-11-01,244647708.04011
752,1075656,2022-11-02,251711019.24687
752,1075656,2022-11-03,198366296.93366
752,1075656,2022-11-04,187335540.63993
752,1075656,2022-11-05,254547849.12979
752,1075656,2022-11-06,116008505.00211
752,1075656,2022-11-07,181050604.0415
752,1075656,2022-11-08,420266327.90864
752,1075656,2022-11-09,123776589.53383
752,1075656,2022-11-10,245090351.42499
752,1075656,2022-11-11,251153926.06398
752,1075656,2022-11-12,403297679.24614
752,1075656,2022-11-13,247931433.09425
752,1075656,2022-11-14,362258621.79636
752,1075656,2022-11-15,350142772.72653
752,1075656,2022-11-16,196446679.69603
752,1075656,2022-11-17,329948799.80675
752,1075656,2022-11-18,333167576.92191
752,1075656,2022-11-19,318029699.26898
752,1075656,2022-11-20,405602342.85344
752,1075656,2022-11-21,366102526.38906
752,1075656,2022-11-22,316369980.39091
752,1075656,2022-11-23,504097585.182
752,1075656,2022-11-24,385293876.24165
752,1075656,2022-11-25,351631000.10338
752,1075656,2022-11-26,554084857.48654
752,1075656,2022-11-27,672986766.85528
752,1075656,2022-11-28,593151361.228
752,1075656,2022-11-29,709976626.59926
752,1075656,2022-11-30,603457136.01927
752,1075656,2022-12-01,435090677.2385
752,1075656,2022-12-02,497286744.81954
752,1075656,2022-12-03,497451261.92443
752,1075656,2022-12-04,549451256.81093
752,1075656,2022-12-05,377175745.95676
752,1075656,2022-12-07,719170796.57009
752,1075656,2022-12-08,762705084.9415
752,1075656,2022-12-09,1077549991.96352
752,1075656,2022-12-10,894032124.93934
752,1075656,2022-12-11,780912917.72017
752,1075656,2022-12-12,569395091.85602
752,1075656,2022-12-13,799414040.58844
752,1075656,2022-12-14,849495455.95862
752,1075656,2022-12-15,851725391.23534
752,1075656,2022-12-16,1507878703.00047
752,1075656,2022-12-17,1000373658.77739
752,1075656,2022-12-18,1018389100.52201
752,1075656,2022-12-19,795294470.16268
752,1075656,2022-12-20,1214209462.78469
752,1075656,2022-12-21,1637958926.51183
752,1075656,2022-12-22,2219583088.77557
752,1075656,2022-12-23,1006636750.28959
752,1075656,2022-12-24,1944530026.07958
752,1075656,2022-12-25,1044187884.16978
752,1075656,2022-12-26,1807869996.31198
752,1075656,2022-12-27,1048031714.56252
752,1075656,2022-12-28,1049496279.03256
752,1075656,2022-12-29,1062436509.76035
752,1075656,2022-12-30,1113411432.24849
752,1075656,2022-12-31,1159535772.54237
752,1075656,2023-01-01,1100189609.65836
752,1075656,2023-01-02,1077604981.93274
752,1075656,2023-01-03,2165810023.80714
752,1075656,2023-01-04,1543292149.75828
752,1075656,2023-01-05,929959358.30584
752,1075656,2023-01-06,895493771.70006
752,1075656,2023-01-07,1033185469.25518
752,1075656,2023-01-08,794458630.16956
752,1075656,2023-01-09,777289668.77199
752,1075656,2023-01-10,1002816490.8809
752,1075656,2023-01-11,632679918.67994
752,1075656,2023-01-12,983763537.14727
752,1075656,2023-01-13,668686706.0863
752,1075656,2023-01-14,886768563.49188
752,1075656,2023-01-15,682675746.53725
752,1075656,2023-01-16,284000849.41614
752,1075656,2023-01-17,503542795.31762
752,1075656,2023-01-18,695059187.45196
752,1075656,2023-01-19,519562198.23986
752,1075656,2023-01-20,785444144.04895
752,1075656,2023-01-21,420759943.82784
752,1075656,2023-01-22,568205556.94943
752,1075656,2023-01-23,566999173.44411
752,1075656,2023-01-24,654564233.0188
752,1075656,2023-01-25,791178080.26424
752,1075656,2023-01-26,617350246.52663
752,1075656,2023-01-27,765174108.79092
752,1075656,2023-01-28,981644448.62527
752,1075656,2023-01-29,585676469.04604
752,1075656,2023-01-30,710532179.59221
752,1075656,2023-01-31,575413379.80231
752,1075656,2023-02-01,527577678.26208
752,1075656,2023-02-02,695003900.53533
752,1075656,2023-02-03,769457456.39231
752,1075656,2023-02-04,691816652.09317
752,1075656,2023-02-05,674316806.85327
752,1075656,2023-02-06,509563836.97367
752,1075656,2023-02-07,760484595.98472
752,1075656,2023-02-08,452504403.80021
752,1075656,2023-02-09,235162629.01121
752,1075656,2023-02-10,414678459.31502
752,1075656,2023-02-11,354460546.37031
752,1075656,2023-02-12,540118205.68031
752,1075656,2023-02-13,347661126.24272
752,1075656,2023-02-14,316423644.73316
752,1075656,2023-02-15,238181766.4988
752,1075656,2023-02-16,340333662.7039
752,1075656,2023-02-17,201938408.94692
752,1075656,2023-02-18,195238879.79581
752,1075656,2023-02-19,171839440.06465
752,1075656,2023-02-20,243304894.02924
752,1075656,2023-02-21,325498932.04145
752,1075656,2023-02-22,222643935.63132
752,1075656,2023-02-23,317943787.05265
752,1075656,2023-02-24,294694752.378
752,1075656,2023-02-25,295132558.97823
752,1075656,2023-02-26,222984226.79231
752,1075656,2023-02-27,245369712.81375
752,1075656,2023-02-28,235940531.91345
752,1075656,2023-03-01,172454427.85165
752,1075656,2023-03-02,404798942.0683
752,1075656,2023-03-03,365296657.77306
752,1075656,2023-03-04,435457103.96319
752,1075656,2023-03-05,408656899.56427
752,1075656,2023-03-06,198095196.0211
752,1075656,2023-03-07,185016079.01587
752,1075656,2023-03-08,165012964.45197
752,1075656,2023-03-09,176847663.52657
752,1075656,2023-03-10,188170820.49719
752,1075656,2023-03-11,201640312.99405
752,1075656,2023-03-12,221563278.01609
752,1075656,2023-03-13,202958883.44111
752,1075656,2023-03-14,233038656.70802
752,1075656,2023-03-15,263903166.6611
752,1075656,2023-03-16,504677368.38467
752,1075656,2023-03-17,424970032.76639
752,1075656,2023-03-18,525125859.44337
752,1075656,2023-03-19,510065307.14732
752,1075656,2023-03-20,533098935.0212
752,1075656,2023-03-21,185176068.89226
752,1075656,2023-03-22,416449484.29889
752,1075656,2023-03-23,173905745.20523
752,1075656,2023-03-24,212344677.45297
752,1075656,2023-03-25,173363691.63871
752,1075656,2023-03-26,135645568.761
752,1075656,2023-03-27,208492005.19326
752,1075656,2023-03-28,154570057.43195
752,1075656,2023-03-29,123211345.49883
752,1075656,2023-03-30,128720974.37117
752,1075656,2023-03-31,193255373.21194
752,1075656,2023-04-01,134799838.7064
752,1075656,2023-04-02,155163994.54591
752,1075656,2023-04-03,103567214.71417
752,1075656,2023-04-04,76299589.51158
752,1075656,2023-04-05,100257638.57886
752,1075656,2023-04-06,101834188.1489
752,1075656,2023-04-07,137786410.87396
752,1075656,2023-04-08,157152756.97968
752,1075656,2023-04-10,104752915.67762
752,1075656,2023-04-12,166527468.36986
752,1075656,2023-04-14,71151567.14146
752,1075656,2023-04-15,115461513.31057
752,1075656,2023-04-17,66189528.70559
752,1075656,2023-04-19,87835363.98026
752,1075656,2023-04-21,127300663.5617
752,1075656,2023-04-24,167219083.93013
752,1075656,2023-04-27,103739474.2501
752,1075656,2023-04-28,192603116.38601
752,1075656,2023-05-01,118005910.45855
752,1075656,2023-05-03,128554484.83766
752,1075656,2023-05-05,133508373.33341
752,1075656,2023-05-08,83282059.24912
752,1075656,2023-05-11,82925998.7478
752,1075656,2023-05-12,103886108.09343
752,1075656,2023-05-15,65931255.36129
752,1075656,2023-05-17,79678587.36293
752,1075656,2023-05-19,113510731.41259
752,1075656,2023-05-22,119761282.62468
752,1075656,2023-05-24,114800825.87496
752,1075656,2023-05-26,106002553.99578
752,1075656,2023-05-29,105716461.01062
752,1075656,2023-05-31,130791508.52123
752,1075656,2023-06-02,126172297.83317
752,1075656,2023-06-05,97344255.6593
752,1075656,2023-06-07,113450897.07318
752,1075656,2023-06-12,95400870.5053
752,1075656,2023-06-13,76397248.7347
752,1075656,2023-06-14,99363665.57129
752,1075656,2023-06-16,63788838.86244
752,1075656,2023-06-19,42877540.45934
752,1075656,2023-06-21,57410638.32812
752,1075656,2023-06-23,32344536.26441
752,1075656,2023-06-26,41682933.56717
752,1075656,2023-06-28,80850141.41554
752,1075656,2023-06-30,117990178.55274
752,1075656,2023-07-03,96082476.04126
752,1075656,2023-07-05,77370732.15657
752,1075656,2023-07-07,55968962.03019
752,1075656,2023-07-10,96404302.01684
752,1075656,2023-07-12,190075365.84972
752,1075656,2023-07-14,60697332.46094
752,1075656,2023-07-17,117646422.80807
752,1075656,2023-07-19,171538743.43172
752,1075656,2023-07-21,108378511.21133
752,1075656,2023-07-24,136790285.36354
752,1075656,2023-07-26,195387376.01563
752,1075656,2023-07-28,184684050.42958
752,1075656,2023-07-31,163304281.69304
752,1075656,2023-08-02,271071290.74425
752,1075656,2023-08-04,171261180.65023
752,1075656,2023-08-07,87774088.83617
752,1075656,2023-08-09,169459053.42134
752,1075656,2023-08-11,138160232.20901
752,1075656,2023-08-14,113754199.6668
752,1075656,2023-08-16,89312067.94548
752,1075656,2023-08-18,152821011.95488
752,1075656,2023-08-21,104682625.3669
752,1075656,2023-08-23,107148981.13689
752,1075656,2023-08-24,129084339.14745
752,1075656,2023-08-25,146982863.09769
752,1075656,2023-08-26,124613710.62433
752,1075656,2023-08-27,158509017.78337
752,1075656,2023-08-28,133374172.28624
752,1075656,2023-08-29,163443117.65556
752,1075656,2023-08-30,212743780.45155
752,1075656,2023-08-31,172958430.74786
752,1075656,2023-09-01,133567310.01372
752,1075656,2023-09-02,174036505.71472
752,1075656,2023-09-03,203380482.36604
752,1075656,2023-09-04,294924770.56019
752,1075656,2023-09-05,180679281.3344
752,1075656,2023-09-06,203047641.15029
752,1075656,2023-09-07,161282135.95463
752,1075656,2023-09-08,142125514.28318
752,1075656,2023-09-09,175958487.14624
752,1075656,2023-09-10,180190214.64508
752,1075656,2023-09-11,129989310.05515
752,1075656,2023-09-12,252887564.32737
752,1075656,2023-09-13,270048337.0499
752,1075656,2023-09-14,300926034.0782
752,1075656,2023-09-15,261365138.62803
752,1075656,2023-09-16,300155434.60764
752,1075656,2023-09-17,301078706.78853
752,1075656,2023-09-18,296407330.1671
752,1075656,2023-09-19,191863899.48931
752,1075656,2023-09-20,238963439.29899
752,1075656,2023-09-21,279366280.59305
752,1075656,2023-09-22,153316096.99483
752,1075656,2023-09-23,205010564.60886
752,1075656,2023-09-24,409426625.89382
752,1075656,2023-09-25,196976224.35069
752,1075656,2023-09-26,255712274.01379
752,1075656,2023-09-27,304996804.34061
752,1075656,2023-09-28,206409967.72712
752,1075656,2023-09-29,301116858.48729
752,1075656,2023-09-30,293333005.50104
752,1075656,2023-10-01,247751898.68572
752,1075656,2023-10-02,324918280.16251
752,1075656,2023-10-03,322743104.29501
752,1075656,2023-10-04,86711897.94407
752,1075656,2023-10-05,109240554.25876
752,1075656,2023-10-06,161350160.82655
752,1075656,2023-10-07,289467522.54004
752,1075656,2023-10-08,169993391.26908
752,1075656,2023-10-09,89811409.83453
752,1075656,2023-10-10,137225337.84133
752,1075656,2023-10-11,158184813.50332
752,1075656,2023-10-12,109105341.58875
752,1075656,2023-10-13,134966998.12102
752,1075656,2023-10-14,79103933.96853
752,1075656,2023-10-15,109658730.16287
752,1075656,2023-10-16,94949095.18383
752,1075656,2023-10-17,77529650.23639
752,1075656,2023-10-18,82168550.81214
752,1075656,2023-10-19,78407288.43583
752,1075656,2023-10-20,137136948.55168
752,1075656,2023-10-21,101780066.09619
752,1075656,2023-10-22,114046501.71401
752,1075656,2023-10-23,102074791.68306
752,1075656,2023-10-24,95806925.98031
752,1075656,2023-10-25,101513837.33045
752,1075656,2023-10-26,95777105.50968
752,1075656,2023-10-27,88346561.44021
752,1075656,2023-10-28,134228273.45046
752,1075656,2023-10-29,122158569.27983
752,1075656,2023-10-30,104529963.01896
752,1075656,2023-10-31,40185517.83941
752,1075656,2023-11-01,152748164.90406
752,1075656,2023-11-02,67964192.66152
752,1075656,2023-11-03,86756687.9189
752,1075656,2023-11-04,105656444.95246
752,1075656,2023-11-05,86301697.4168
752,1075656,2023-11-06,62517628.29041
752,1075656,2023-11-07,87034334.84923
752,1075656,2023-11-08,162364080.70201
752,1075656,2023-11-09,233345289.45017
752,1075656,2023-11-10,121438847.72862
752,1075656,2023-11-11,153781838.07451
752,1075656,2023-11-12,134176365.54286
752,1075656,2023-11-13,89511634.45807
752,1075656,2023-11-14,31405800.58967
752,1075656,2023-11-15,89122354.406
752,1075656,2023-11-16,167625384.26704
752,1075656,2023-11-17,130650263.56461
752,1075656,2023-11-18,115818886.9559
752,1075656,2023-11-19,107699564.50908
752,1075656,2023-11-20,204718164.22508
752,1075656,2023-11-21,100530006.03894
752,1075656,2023-11-22,149066733.80671
752,1075656,2023-11-24,180357563.98567
752,1075656,2023-11-25,233260490.20484
752,1075656,2023-11-26,228594819.19814
752,1075656,2023-11-27,193277578.5185
752,1075656,2023-11-28,141461623.72445
752,1075656,2023-11-29,268866046.74214
752,1075656,2023-11-30,206758822.76891
752,1075656,2023-12-01,239131178.2787
752,1075656,2023-12-02,224394241.57233
752,1075656,2023-12-03,297200111.71553
752,1075656,2023-12-04,294635735.89705
752,1075656,2023-12-06,274730666.03327
752,1075656,2023-12-07,219924977.60582
752,1075656,2023-12-08,249794908.38682
752,1075656,2023-12-09,289695949.50368
752,1075656,2023-12-10,354624013.83306
752,1075656,2023-12-11,580729537.75386
752,1075656,2023-12-12,515348093.17077
752,1075656,2023-12-13,831890845.55927
752,1075656,2023-12-14,965130467.10122
752,1075656,2023-12-15,728956425.11224
752,1075656,2023-12-16,544878303.18024
752,1075656,2023-12-17,637334793.05148
752,1075656,2023-12-18,324161300.17302
752,1075656,2023-12-19,292750116.42238
752,1075656,2023-12-20,322736268.92289
752,1075656,2023-12-21,667601862.52384
752,1075656,2023-12-22,851182569.57494
752,1075656,2023-12-23,612260406.25812
752,1075656,2023-12-24,690265238.78759
752,1075656,2023-12-25,817071158.60818
752,1075656,2023-12-26,722798360.60701
752,1075656,2023-12-27,1006221538.69508
752,1075656,2023-12-28,807878384.48589
752,1075656,2023-12-29,784086011.74988
752,1075656,2023-12-30,792400549.11394
752,1075656,2023-12-31,904953475.94129
752,1075656,2024-01-01,781561467.14309
752,1075656,2024-01-02,593800597.5269
752,1075656,2024-01-03,640865139.86484
752,1075656,2024-01-04,615945851.5283
752,1075656,2024-01-05,609519198.68029
752,1075656,2024-01-06,529066100.25156
752,1075656,2024-01-07,614866581.10788
752,1075656,2024-01-08,502942493.26332
752,1075656,2024-01-09,339414563.85187
752,1075656,2024-01-10,162138464.18413
752,1075656,2024-01-11,188648863.74012
752,1075656,2024-01-12,221116442.64387
752,1075656,2024-01-13,135654028.58234
752,1075656,2024-01-14,166666631.21574
752,1075656,2024-01-15,199482461.58435
752,1075656,2024-01-16,175304029.57596
752,1075656,2024-01-17,228674083.56594
752,1075656,2024-01-18,504927321.96948
752,1075656,2024-01-19,426560647.54146
752,1075656,2024-01-20,302058117.3541
752,1075656,2024-01-21,436761799.35792
752,1075656,2024-01-22,375302443.15078
752,1075656,2024-01-23,332971751.35046
752,1075656,2024-01-24,320173144.94218
752,1075656,2024-01-25,347486401.79767
752,1075656,2024-01-26,427383609.2691
752,1075656,2024-01-27,296166680.9291
752,1075656,2024-01-28,310423557.95336
752,1075656,2024-01-29,311726012.95358
752,1075656,2024-01-30,394159183.79302
752,1075656,2024-01-31,373537115.93079
752,1075656,2024-02-01,1074879862.2894
752,1075656,2024-02-02,322432334.8689
752,1075656,2024-02-03,357524382.8955
752,1075656,2024-02-04,240615595.26866
752,1075656,2024-02-05,208280980.01287
752,1075656,2024-02-06,319982577.92339
752,1075656,2024-02-07,224367616.2545
752,1075656,2024-02-08,113334654.76851
752,1075656,2024-02-09,286602494.77044
752,1075656,2024-02-10,214722943.80244
752,1075656,2024-02-11,234171845.66877
752,1075656,2024-02-12,169317535.16701
752,1075656,2024-02-13,104622805.44332
752,1075656,2024-02-14,179617031.45224
752,1075656,2024-02-15,244190788.41381
752,1075656,2024-02-16,164492962.66397
752,1075656,2024-02-17,135578101.9964
752,1075656,2024-02-19,128682464.4667
752,1075656,2024-02-20,141669597.38479
752,1075656,2024-02-21,151664919.77062
752,1075656,2024-02-22,187080168.61071
752,1075656,2024-02-23,146003980.0162
752,1075656,2024-02-24,108061099.45348
752,1075656,2024-02-25,97990895.17642
752,1075656,2024-02-26,97916296.03143
752,1075656,2024-02-27,91004002.14319
752,1075656,2024-02-28,121276711.405
752,1075656,2024-02-29,268328621.57714
752,1075656,2024-03-01,108541347.61199
752,1075656,2024-03-02,95465413.91138
752,1075656,2024-03-03,139487057.51216
752,1075656,2024-03-04,134459415.25191
752,1075656,2024-03-05,111288833.2316
752,1075656,2024-03-06,124082195.04252
752,1075656,2024-03-07,139224237.34437
752,1075656,2024-03-08,75424102.24761
752,1075656,2024-03-09,140056532.05639
752,1075656,2024-03-10,122554761.52402
752,1075656,2024-03-11,137317432.30915
752,1075656,2024-03-12,128910435.72528
752,1075656,2024-03-13,119232471.64804
752,1075656,2024-03-14,134527574.63438
752,1075656,2024-03-15,130020783.87991
752,1075656,2024-03-16,144576667.17661
752,1075656,2024-03-17,142242415.69311
752,1075656,2024-03-18,115979396.86361
752,1075656,2024-03-19,151582079.49474
752,1075656,2024-03-20,102385710.27579
752,1075656,2024-03-21,157424806.56335
752,1075656,2024-03-22,112043022.94356
752,1075656,2024-03-23,267029311.71823
752,1075656,2024-03-24,164397158.02224
752,1075656,2024-03-25,142125933.42023
752,1075656,2024-03-26,121571353.1489
752,1075656,2024-03-27,127120611.13464
752,1075656,2024-03-28,111485900.21763
752,1075656,2024-03-29,174256783.63809
752,1075656,2024-03-30,162039604.30054
752,1075656,2024-03-31,75837647.51709
752,1075656,2024-04-01,190301657.76944
752,1075656,2024-04-02,113132624.4644
752,1075656,2024-04-03,168405626.56868
752,1075656,2024-04-04,184850608.29674
752,1075656,2024-04-05,82406707.23659
752,1075656,2024-04-06,85412276.06431
752,1075656,2024-04-07,119086669.84481
752,1075656,2024-04-08,114200060.78996
752,1075656,2024-04-09,98101288.77569
752,1075656,2024-04-10,134685440.91551
752,1075656,2024-04-11,121435340.99726
752,1075656,2024-04-12,140837206.9139
752,1075656,2024-04-13,62567558.32618
752,1075656,2024-04-14,98881018.2944
752,1075656,2024-04-15,93525042.14693
752,1075656,2024-04-16,128753109.86868
752,1075656,2024-04-17,93952068.65096
752,1075656,2024-04-18,90726127.69293
752,1075656,2024-04-19,42069232.66841
752,1075656,2024-04-20,80207347.64229
752,1075656,2024-04-21,88876106.86761
752,1075656,2024-04-22,63271067.85405
752,1075656,2024-04-23,114164292.39673
752,1075656,2024-04-24,77073340.67721
752,1075656,2024-04-25,72926307.18681
752,1075656,2024-04-26,56974625.34993
752,1075656,2024-04-27,60655240.21669
752,1075656,2024-04-28,67679281.55497
752,1075656,2024-04-29,52079689.05714
752,1075656,2024-04-30,87844296.70568
752,1075656,2024-05-01,92000378.55147
752,1075656,2024-05-02,53758997.07038
752,1075656,2024-05-03,64390262.52076
752,1075656,2024-05-04,43678774.98659
752,1075656,2024-05-05,50567669.1681
752,1075656,2024-05-06,107050650.06218
752,1075656,2024-05-07,105346480.83158
752,1075656,2024-05-08,77703312.85798
752,1075656,2024-05-09,63549703.41403
752,1075656,2024-05-10,26373653.91215
752,1075656,2024-05-11,76833860.11296
752,1075656,2024-05-12,65259849.15497
752,1075656,2024-05-13,82864156.30882
752,1075656,2024-05-14,52687209.70365
752,1075656,2024-05-15,120958601.4531
752,1075656,2024-05-16,98583753.8841
752,1075656,2024-05-17,84500753.09254
752,1075656,2024-05-18,66352756.28148
752,1075656,2024-05-19,74549384.45221
752,1075656,2024-05-20,92036334.64722
752,1075656,2024-05-21,99278162.90709
752,1075656,2024-05-22,70642207.67383
752,1075656,2024-05-23,132171867.38332
752,1075656,2024-05-24,103538541.14669
752,1075656,2024-05-25,123530139.3894
752,1075656,2024-05-26,144305465.77
752,1075656,2024-05-27,106086603.93883
752,1075656,2024-05-28,133305202.12375
752,1075656,2024-05-29,129186540.04379
752,1075656,2024-05-30,109571315.26309
752,1075656,2024-05-31,99157348.85644
752,1075656,2024-06-01,106928521.57367
752,1075656,2024-06-02,138623481.61013
752,1075656,2024-06-03,83222998.68236
752,1075656,2024-06-04,114839089.77311
752,1075656,2024-06-05,122430217.65275
752,1075656,2024-06-06,65746774.51835
752,1075656,2024-06-07,85466043.86134
752,1075656,2024-06-08,95034845.22735
752,1075656,2024-06-09,90299779.08489
752,1075656,2024-06-10,104473799.32447
752,1075656,2024-06-11,119533232.71007
752,1075656,2024-06-12,118248069.43412
752,1075656,2024-06-13,96246128.17149
752,1075656,2024-06-14,68637052.81863
752,1075656,2024-06-15,97716550.23695
752,1075656,2024-06-16,78180790.01028
752,1075656,2024-06-18,60511521.51993
752,1075656,2024-06-19,94598416.51013
752,1075656,2024-06-20,74480042.78205
752,1075656,2024-06-21,87477958.93127
752,1075656,2024-06-22,70047044.36233
752,1075656,2024-06-23,67478015.66675
752,1075656,2024-06-24,335342880.48089
752,1075656,2024-06-25,91020305.27122
752,1075656,2024-06-26,256590382.54671
752,1075656,2024-06-27,235603117.0241
752,1075656,2024-06-28,144884195.66486
752,1075656,2024-06-29,106889561.08356
752,1075656,2024-06-30,89083306.99448
752,1075656,2024-07-01,109688008.69622
752,1075656,2024-07-02,104184525.19241
752,1075656,2024-07-03,104448852.80455
752,1075656,2024-07-04,105739338.40039
752,1075656,2024-07-05,104539266.74467
752,1075656,2024-07-06,121032824.09041
752,1075656,2024-07-07,188144981.84596
752,1075656,2024-07-08,115167605.02988
752,1075656,2024-07-09,141452562.13228
752,1075656,2024-07-10,208064586.17441
752,1075656,2024-07-11,158218634.83959
752,1075656,2024-07-12,191244295.2554
752,1075656,2024-07-13,223991224.12196
752,1075656,2024-07-14,1809780577.59994
752,1075656,2024-07-15,187041292.65178
752,1075656,2024-07-16,138194348.40099
752,1075656,2024-07-17,203893822.42582
752,1075656,2024-07-18,356676182.46675
752,1075656,2024-07-19,142919802.25441
752,1075656,2024-07-20,166172975.91051
752,1075656,2024-07-21,155992955.03391
752,1075656,2024-07-22,155643696.03455
752,1075656,2024-07-23,186330543.1346
752,1075656,2024-07-24,165922402.01328
752,1075656,2024-07-25,117816482.53253
752,1075656,2024-07-26,159772563.59364
752,1075656,2024-07-27,142519095.66641
752,1075656,2024-07-28,113275526.30921
752,1075656,2024-07-29,139639125.23645
752,1075656,2024-07-30,188407849.94824
752,1075656,2024-07-31,156622284.18877
752,1075656,2024-08-01,117257045.87084
752,1075656,2024-08-02,130288940.25586
752,1075656,2024-08-03,89054681.50965
752,1075656,2024-08-04,142027966.58704
752,1075656,2024-08-05,132282379.83842
752,1075656,2024-08-06,204268427.06605
752,1075656,2024-08-07,221803490.89994
752,1075656,2024-08-08,190548752.60153
752,1075656,2024-08-09,136663459.06322
752,1075656,2024-08-10,120908509.82672
752,1075656,2024-08-11,143216753.65709
752,1075656,2024-08-12,143869695.65547
752,1075656,2024-08-13,192563615.40447
752,1075656,2024-08-14,228868677.35495
752,1075656,2024-08-15,179973981.84075
752,1075656,2024-08-16,137894280.94654
752,1075656,2024-08-17,149011852.87081
752,1075656,2024-08-18,128526639.16924
752,1075656,2024-08-19,136259271.86468
752,1075656,2024-08-20,171932710.20621
752,1075656,2024-08-21,149600957.92739
752,1075656,2024-08-22,162220063.74035
752,1075656,2024-08-23,148567930.69011
752,1075656,2024-08-24,156467737.08851
752,1075656,2024-08-25,148602126.65192
752,1075656,2024-08-26,134749322.91735
752,1075656,2024-08-27,74641588.64921
752,1075656,2024-08-28,13983372.5975
752,1075656,2024-08-29,9189301.53283
752,1075656,2024-08-30,10189110.30991
752,1075656,2024-08-31,6711000.09371
752,1075656,2024-09-01,11263848.22765
752,1075656,2024-09-02,16656028.86343
752,1075656,2024-09-04,8279136.35856
752,1075656,2024-09-05,38369967.57073
752,1075656,2024-09-07,16607650.81976
752,1075656,2024-09-08,18832666.94348
752,1075656,2024-09-09,8918032.76205
752,1075656,2024-09-10,8560273.7232
752,1075656,2024-09-11,10959455.06019
752,1075656,2024-09-12,15186745.12573
752,1075656,2024-09-13,10385653.34719
752,1075656,2024-09-14,14066633.3372
752,1075656,2024-09-15,4720987.01689
752,1075656,2024-09-16,15491344.51566
752,1075656,2024-09-17,10146352.57882
752,1075656,2024-09-18,5241375.70182
752,1075656,2024-09-19,4423524.82485
752,1075656,2024-09-20,6556889.26571
752,1075656,2024-09-21,11705973.72465
752,1075656,2024-09-22,5794587.8957
752,1075656,2024-09-23,13362039.41989
752,1075656,2024-09-24,9972803.69916
752,1075656,2024-09-25,12954270.72759
752,1075656,2024-09-26,16190899.00327
752,1075656,2024-09-27,6117123.36202
752,1075656,2024-09-28,5935063.05451
752,1075656,2024-09-29,10520845.55077
752,1075656,2024-09-30,10625577.35787
752,1075656,2024-10-01,7348199.38084
752,1075656,2024-10-02,11200376.75127
752,1075656,2024-10-03,9580222.97524
752,1075656,2024-10-04,1159181.44537
752,1075656,2024-10-06,6665263.99703
752,1075656,2024-10-07,4597257.05248
752,1075656,2024-10-08,2545609.49809
752,1075656,2024-10-09,6015404.65528
752,1075656,2024-10-10,9593483.15062
752,1075656,2024-10-11,6167102.75073
752,1075656,2024-10-12,5677757.93815
752,1075656,2024-10-13,9635419.86289
752,1075656,2024-10-14,11597835.02376
752,1075656,2024-10-15,5656189.03824
752,1075656,2024-10-16,8297546.29309
752,1075656,2024-10-17,3788018.25119
752,1075656,2024-10-18,4459780.21358
752,1075656,2024-10-19,3718330.53973
752,1075656,2024-10-20,5775834.31965
752,1075656,2024-10-21,2664156.45128
752,1075656,2024-10-22,5472571.50472
752,1075656,2024-10-23,5257398.76565
752,1075656,2024-10-24,6009062.78637
752,1075656,2024-10-25,2929944.49034
752,1075656,2024-10-26,4596860.79564
752,1075656,2024-10-27,5690332.58216
752,1075656,2024-10-28,5726657.29824
752,1075656,2024-10-29,5059996.35077
752,1075656,2024-10-30,3977347.37299
752,1075656,2024-10-31,3999923.45501
752,1075656,2024-11-01,7071530.46699
752,1075656,2024-11-02,8481484.0697
752,1075656,2024-11-03,6562519.91343
752,1075656,2024-11-04,3491140.23885
752,1075656,2024-11-05,1846020.52277
752,1075656,2024-11-06,3123434.30889
752,1075656,2024-11-07,5386459.19387
752,1075656,2024-11-08,3732518.36431
752,1075656,2024-11-09,3262822.40077
752,1075656,2024-11-10,3951682.17687
752,1075656,2024-11-11,1751835.27076
752,1075656,2024-11-12,6048563.18777
752,1075656,2024-11-13,1261243.97354
752,1075656,2024-11-14,3291572.48801
752,1075656,2024-11-15,2659338.37641
752,1075656,2024-11-16,4510989.19498
752,1075656,2024-11-17,6266758.88083
752,1075656,2024-11-18,9180734.50233
752,1075656,2024-11-20,3427932.69114
752,1075656,2024-11-21,7423288.29113
752,1075656,2024-11-22,3991367.33389
752,1075656,2024-11-23,5130607.48845
752,1075656,2024-11-24,8544127.48896
752,1075656,2024-11-25,16366130.74277
752,1075656,2024-11-26,8080113.20087
752,1075656,2024-11-27,9053604.68244
752,1075656,2024-11-28,10268256.10188
752,1075656,2024-11-29,6156775.43899
752,1075656,2024-11-30,13772096.26665
752,1075656,2024-12-01,10201297.8469
752,1075656,2024-12-02,4120986.6039
752,1075656,2024-12-03,7245855.32029
752,1075656,2024-12-04,16587434.20145
752,1075656,2024-12-05,11698277.68497
752,1075656,2024-12-06,13522226.4206
752,1075656,2024-12-07,11997927.03173
752,1075656,2024-12-08,8516268.45172
752,1075656,2024-12-09,12780039.48381
752,1075656,2024-12-10,8945567.68513
752,1075656,2024-12-11,25620922.33919
752,1075656,2024-12-12,27867796.41502
752,1075656,2024-12-13,19026463.98425
752,1075656,2024-12-14,48347668.17382
752,1075656,2024-12-15,20815603.70379
752,1075656,2024-12-16,19621494.29489
752,1075656,2024-12-17,23071659.95839
752,1075656,2024-12-18,18018996.11861
752,1075656,2024-12-19,195472385.09315
752,1075656,2024-12-20,22206408.17745
752,1075656,2024-12-21,30805234.94556
752,1075656,2024-12-22,36620043.55296
752,1075656,2024-12-23,38764550.69373
752,1075656,2024-12-24,30427676.78975
752,1075656,2024-12-25,37180021.32198
752,1075656,2024-12-26,39234389.88688
752,1075656,2024-12-27,36091231.41904
752,1075656,2024-12-28,43491114.16336
752,1075656,2024-12-29,48376651.58103
752,1075656,2024-12-30,34926022.36529
752,1075656,2024-12-31,58163978.57717
752,1075656,2025-01-01,55463018.45283
752,1075656,2025-01-02,51969861.38635
752,1075656,2025-01-03,37130108.4453
752,1075656,2025-01-04,44989911.29298
752,1075656,2025-01-05,41807013.12122
752,1075656,2025-01-06,41945036.83678
752,1075656,2025-01-07,45666247.45281
752,1075656,2025-01-08,34990038.60684
752,1075656,2025-01-09,22005583.03259
752,1075656,2025-01-10,29553820.67527
752,1075656,2025-01-11,22467807.83044
752,1075656,2025-01-12,31455206.30129
752,1075656,2025-01-13,23032080.0241
752,1075656,2025-01-14,27909016.27546
752,1075656,2025-01-15,12988633.16294
752,1075656,2025-01-16,18758135.46732
752,1075656,2025-01-17,18552836.06902
752,1075656,2025-01-18,20134656.74731
752,1075656,2025-01-19,25887767.88427
752,1075656,2025-01-20,28282100.17783
752,1075656,2025-01-21,15597935.84417
752,1075656,2025-01-22,19075463.28834
752,1075656,2025-01-23,18139311.79901
752,1075656,2025-01-24,14195513.23278
752,1075656,2025-01-25,21431329.81202
752,1075656,2025-01-26,13926316.18845
752,1075656,2025-01-27,17118321.58097
752,1075656,2025-01-28,14585571.42652
752,1075656,2025-01-29,19467132.55115
752,1075656,2025-01-30,16976522.1642
752,1075656,2025-01-31,17361781.99034
752,1075656,2025-02-01,11460628.10404
752,1075656,2025-02-02,12263449.3746
752,1075656,2025-02-03,14146282.3683
752,1075656,2025-02-04,16020768.98252
752,1075656,2025-02-05,14979800.52255
752,1075656,2025-02-06,30407714.73594
752,1075656,2025-02-07,17623395.95986
752,1075656,2025-02-08,10880345.51552
752,1075656,2025-02-09,12312806.22482
752,1075656,2025-02-10,9271931.9919
752,1075656,2025-02-11,8055213.42093
752,1075656,2025-02-12,6580030.17208
752,1075656,2025-02-13,14126658.15335
752,1075656,2025-02-14,16720285.11134
752,1075656,2025-02-15,21484160.41997
752,1075656,2025-02-16,22247708.97845
752,1075656,2025-02-17,14283017.01745
752,1075656,2025-02-18,14368589.13803
752,1075656,2025-02-19,17475745.59629
752,1075656,2025-02-20,10877585.79431
752,1075656,2025-02-21,93400356.61394
752,1075656,2025-02-22,11021017.39508
752,1075656,2025-02-23,15590911.61115
752,1075656,2025-02-24,7794216.00733
752,1075656,2025-02-25,4603814.64557
752,1075656,2025-02-26,11312661.01653
752,1075656,2025-02-27,14361755.29128
752,1075656,2025-02-28,10241882.8518
752,1075656,2025-03-01,9270910.73317
752,1075656,2025-03-03,22353158.62349
752,1075656,2025-03-04,6783656.56418
752,1075656,2025-03-05,16644053.8834
752,1075656,2025-03-06,24441855.55758
752,1075656,2025-03-07,11121789.44917
752,1075656,2025-03-08,10873906.86985
752,1075656,2025-03-09,16907020.26412
752,1075656,2025-03-10,12836377.63337
752,1075656,2025-03-11,11896911.1002
752,1075656,2025-03-12,9354167.6018
752,1075656,2025-03-13,8440564.04125
752,1075656,2025-03-14,5125482.54329
752,1075656,2025-03-15,13894618.45713
752,1075656,2025-03-16,22789040.85756
752,1075656,2025-03-17,19151232.80316
752,1075656,2025-03-18,11892489.63408
752,1075656,2025-03-19,9980365.30712
752,1075656,2025-03-20,10911772.97575
752,1075656,2025-03-21,9421199.75903
752,1075656,2025-03-22,11194268.20232
752,1075656,2025-03-23,12493478.57767
752,1075656,2025-03-24,18487150.69234
752,1075656,2025-03-25,18209139.57284
752,1075656,2025-03-26,8164050.67404
752,1075656,2025-03-27,12660131.32154
752,1075656,2025-03-28,18017980.49053
752,1075656,2025-03-29,17506423.82845
752,1075656,2025-03-30,20582051.47482
752,1075656,2025-03-31,12520065.44044
752,1075656,2025-04-01,16994004.26962
752,1075656,2025-04-02,12860160.08166
752,1075656,2025-04-03,8392903.77558
752,1075656,2025-04-04,17989624.54863
752,1075656,2025-04-05,14164511.9422
752,1075656,2025-04-06,14592092.4204
752,1075656,2025-04-07,12327082.7321
752,1075656,2025-04-08,22894754.86077
752,1075656,2025-04-09,14953294.24842
752,1075656,2025-04-10,20622717.06837
752,1075656,2025-04-11,13982386.17841
752,1075656,2025-04-12,27357650.58212
752,1075656,2025-04-13,16285524.85347
752,1075656,2025-04-14,5899509.38525
752,1075656,2025-04-15,7343485.12104
752,1075656,2025-04-16,16724665.40334
752,1075656,2025-04-17,14668027.33551
752,1075656,2025-04-18,9905023.72152
752,1075656,2025-04-19,12047916.27407
752,1075656,2025-04-20,8151832.1685
752,1075656,2025-04-21,9550363.6504
752,1075656,2025-04-22,12505600.30645
752,1075656,2025-04-23,9059603.08184
752,1075656,2025-04-24,17863867.90295
752,1075656,2025-04-25,11228971.99569
752,1075656,2025-04-26,10297978.17968
752,1075656,2025-04-27,5808079.63146
752,1075656,2025-04-28,5362419.84727
752,1075656,2025-04-29,6292877.3441
752,1075656,2025-04-30,4440617.71174
752,1075656,2025-05-01,8285468.55374
752,1075656,2025-05-02,9520172.46927
752,1075656,2025-05-03,8311891.77581
752,1075656,2025-05-04,6760014.53017
752,1075656,2025-05-05,5599898.74919
752,1075656,2025-05-06,7252594.85369
752,1075656,2025-05-07,3084388.5823
752,1075656,2025-05-08,3004240.53504
752,1075656,2025-05-09,4882514.81559
752,1075656,2025-05-10,4906943.73262
752,1075656,2025-05-11,3736172.65468
752,1075656,2025-05-12,9918967.66868
752,1075656,2025-05-13,7598764.61188
752,1075656,2025-05-14,2552875.14514
752,1075656,2025-05-15,9013678.81523
752,1075656,2025-05-16,11453684.81158
752,1075656,2025-05-17,6802437.23772
752,1075656,2025-05-19,7548452.85696
752,1075656,2025-05-20,6962466.5803
752,1075656,2025-05-21,5483000.87195
752,1075656,2025-05-22,11185108.54615
752,1075656,2025-05-23,10491078.07587
752,1075656,2025-05-24,3445332.10435
752,1075656,2025-05-25,7999104.72026
752,1075656,2025-05-26,10993295.60488
752,1075656,2025-05-27,10629354.81866
752,1075656,2025-05-28,6784516.99753
752,1075656,2025-05-29,8512544.48208
752,1075656,2025-05-30,8355152.04221
752,1075656,2025-05-31,5919781.47661
752,1075656,2025-06-01,12007569.16403
752,1075656,2025-06-02,14267247.68469
752,1075656,2025-06-03,8580406.10411
752,1075656,2025-06-04,9254163.42729
752,1075656,2025-06-05,5900163.59613
752,1075656,2025-06-06,10165840.95439
752,1075656,2025-06-07,16992807.40506
752,1075656,2025-06-08,9505190.01952
752,1075656,2025-06-09,4529486.57656
752,1075656,2025-06-10,4694636.99324
752,1075656,2025-06-11,7060981.80041
752,1075656,2025-06-12,3208597.8556
752,1075656,2025-06-13,2388037.93324
752,1075656,2025-06-14,2852336.56903
752,1075656,2025-06-15,4273119.66688
752,1075656,2025-06-16,5492077.12415
752,1075656,2025-06-17,3796886.52134
752,1075656,2025-06-18,4127412.5806
752,1075656,2025-06-19,3852882.60905
752,1075656,2025-06-20,4560037.41533
752,1075656,2025-06-21,6104244.31112
752,1075656,2025-06-22,5165015.67282
752,1075656,2025-06-23,5364606.29817
752,1075656,2025-06-24,775628.76124
752,1075656,2025-06-25,10566914.80656
752,1075656,2025-06-26,4428766.60596
752,1075656,2025-06-27,2451283.47989
752,1075656,2025-06-28,4230692.73634
752,1075656,2025-06-29,3179711.92898
752,1075656,2025-06-30,3776269.90473
752,1075656,2025-07-01,4364395.6336
752,1075656,2025-07-02,3374768.12334
752,1075656,2025-07-03,5146881.81993
752,1075656,2025-07-04,5591095.93532
752,1075656,2025-07-05,5903436.41012
752,1075656,2025-07-06,4240637.86787
752,1075656,2025-07-07,2527117.04333
752,1075656,2025-07-08,2173741.46372
752,1075656,2025-07-09,1249326.00382
752,1075656,2025-07-10,7694104.14668
752,1075656,2025-07-11,2909938.09517
752,1075656,2025-07-12,7137100.06348
752,1075656,2025-07-13,9172310.34952
752,1075656,2025-07-14,3076286.78406
752,1075656,2025-07-15,4461450.75638
752,1075656,2025-07-16,5474459.17937
752,1075656,2025-07-17,4819312.20264
752,1075656,2025-07-18,4231468.35806
752,1075656,2025-07-19,3516930.71688
752,1075656,2025-07-20,6546423.65119
752,1075656,2025-07-21,6820714.32021
752,1075656,2025-07-22,5099491.82534
752,1075656,2025-07-23,10333179.58154
752,1075656,2025-07-24,6158947.10943
752,1075656,2025-07-25,5923934.0793
752,1075656,2025-07-26,7454095.67628
752,1075656,2025-07-27,7948625.25966
752,1075656,2025-07-28,2677030.92729
752,1075656,2025-07-29,5912948.6856
752,1075656,2025-07-30,3471848.58403
752,1075656,2025-07-31,11056927.55472
752,1075656,2025-08-01,6026921.44135
752,1075656,2025-08-02,10580576.86941
752,1075656,2025-08-03,3041212.07178
752,1075656,2025-08-04,5222480.65575
752,1075656,2025-08-05,14757120.37049
752,1075656,2025-08-06,16144827.28408
752,1075656,2025-08-07,7868876.28456
752,1075656,2025-08-08,9322451.21896
752,1075656,2025-08-09,4999367.64765
752,1075656,2025-08-10,8006848.62045
752,1075656,2025-08-11,12356914.60753
752,1075656,2025-08-12,8777633.96891
752,1075656,2025-08-13,15033491.56385
752,1075656,2025-08-14,7246153.74462
752,1075656,2025-08-15,5812137.56889
752,1075656,2025-08-16,5628266.65622
752,1075656,2025-08-17,10635489.76126
752,1075656,2025-08-18,10191280.92461
752,1075656,2025-08-19,5459528.81311
752,1075656,2025-08-20,18760888.85406
752,1075656,2025-08-21,15086838.4318
752,1075656,2025-08-22,9678154.36757
752,1075656,2025-08-23,12462000.44161
752,1075656,2025-08-24,7293489.19231
752,1075656,2025-08-25,9267460.55378
752,1075656,2025-08-26,7375978.88518
752,1075656,2025-08-27,11683819.23738
752,1075656,2025-08-28,2965354.93
752,1075656,2025-08-29,10039527.93034
752,1075656,2025-08-30,9412775.60622
752,1075656,2025-08-31,6508636.72628
752,1075656,2025-09-01,6728122.89342
752,1075656,2025-09-02,3307470.62183
752,1075656,2025-09-03,9345824.03763
752,1075656,2025-09-04,10084298.96991
752,1075656,2025-09-05,11378886.9354
752,1075656,2025-09-06,9219188.659
752,1075656,2025-09-07,12608374.05581
752,1075656,2025-09-08,8651696.43868
752,1075656,2025-09-09,5561841.20128
752,1075656,2025-09-10,11720790.4222
