date,location_id,population_served,baseline_rate,synthetic_admissions
2020-01-01,SYNTH_REGION_1,100000,0.25144284369759506,43
2020-01-02,SYNTH_REGION_1,100000,0.29777527152370553,27
2020-01-03,SYNTH_REGION_1,100000,0.28852273010249463,32
2020-01-04,SYNTH_REGION_1,100000,0.1976935733825138,18
2020-01-05,SYNTH_REGION_1,100000,0.19137049164252662,14
2020-01-06,SYNTH_REGION_1,100000,0.2783598177535549,17
2020-01-07,SYNTH_REGION_1,100000,0.3312353337408923,29
2020-01-08,SYNTH_REGION_1,100000,0.32582893089611314,27
2020-01-09,SYNTH_REGION_1,100000,0.4019860025363733,42
2020-01-10,SYNTH_REGION_1,100000,0.358894722813938,27
2020-01-11,SYNTH_REGION_1,100000,0.36189178826423896,32
2020-01-12,SYNTH_REGION_1,100000,0.3004656925849277,34
2020-01-13,SYNTH_REGION_1,100000,0.2872726256879096,25
2020-01-14,SYNTH_REGION_1,100000,0.4209424193942559,48
2020-01-15,SYNTH_REGION_1,100000,0.3516239044587177,36
2020-01-16,SYNTH_REGION_1,100000,0.39057600584907787,47
2020-01-17,SYNTH_REGION_1,100000,0.28035714230651254,27
2020-01-18,SYNTH_REGION_1,100000,0.32490360331802987,38
2020-01-19,SYNTH_REGION_1,100000,0.2781038957768733,29
2020-01-20,SYNTH_REGION_1,100000,0.2982478844342006,27
2020-01-21,SYNTH_REGION_1,100000,0.37505696445484726,41
2020-01-22,SYNTH_REGION_1,100000,0.2473234829052245,34
2020-01-23,SYNTH_REGION_1,100000,0.28476708233588005,27
2020-01-24,SYNTH_REGION_1,100000,0.3085590195638778,29
2020-01-25,SYNTH_REGION_1,100000,0.2547442725980952,27
2020-01-26,SYNTH_REGION_1,100000,0.2623855120176822,19
2020-01-27,SYNTH_REGION_1,100000,0.2499174194175394,31
2020-01-28,SYNTH_REGION_1,100000,0.26725947764222724,16
2020-01-29,SYNTH_REGION_1,100000,0.2096240262046335,16
2020-01-30,SYNTH_REGION_1,100000,0.22929230349048915,17
2020-01-31,SYNTH_REGION_1,100000,0.20284095977417682,22
2020-02-01,SYNTH_REGION_1,100000,0.20554919331695048,18
2020-02-02,SYNTH_REGION_1,100000,0.18006041578085086,15
2020-02-03,SYNTH_REGION_1,100000,0.23653165360365444,14
2020-02-04,SYNTH_REGION_1,100000,0.10580570006527948,9
2020-02-05,SYNTH_REGION_1,100000,0.18495935828081184,23
2020-02-06,SYNTH_REGION_1,100000,0.09170159083400832,7
2020-02-07,SYNTH_REGION_1,100000,0.0517341003965806,3
2020-02-08,SYNTH_REGION_1,100000,0.1490879996468144,12
2020-02-09,SYNTH_REGION_1,100000,0.0566721556430901,8
2020-02-10,SYNTH_REGION_1,100000,0.05071439584593079,4
2020-02-11,SYNTH_REGION_1,100000,0.01,1
2020-02-12,SYNTH_REGION_1,100000,0.01,0
2020-02-13,SYNTH_REGION_1,100000,0.08499290696213008,7
2020-02-14,SYNTH_REGION_1,100000,0.01,1
2020-02-15,SYNTH_REGION_1,100000,0.08891364949794162,6
2020-02-16,SYNTH_REGION_1,100000,0.14323008046081237,22
2020-02-17,SYNTH_REGION_1,100000,0.047537962597421816,5
2020-02-18,SYNTH_REGION_1,100000,0.01,1
2020-02-19,SYNTH_REGION_1,100000,0.0826781400541175,6
2020-02-20,SYNTH_REGION_1,100000,0.10818261295504253,17
2020-02-21,SYNTH_REGION_1,100000,0.06555793190597099,4
2020-02-22,SYNTH_REGION_1,100000,0.08940150072014784,11
2020-02-23,SYNTH_REGION_1,100000,0.1663939454836094,14
2020-02-24,SYNTH_REGION_1,100000,0.1751048110857105,11
2020-02-25,SYNTH_REGION_1,100000,0.16049891140780345,14
2020-02-26,SYNTH_REGION_1,100000,0.09566945967990634,5
2020-02-27,SYNTH_REGION_1,100000,0.15096367228919455,17
2020-02-28,SYNTH_REGION_1,100000,0.19895911224923965,21
2020-02-29,SYNTH_REGION_1,100000,0.17372743708256522,24
2020-03-01,SYNTH_REGION_1,100000,0.16949910355060457,41
2020-03-02,SYNTH_REGION_1,100000,0.17740983347993863,50
2020-03-03,SYNTH_REGION_1,100000,0.19958631265846127,68
2020-03-04,SYNTH_REGION_1,100000,0.21277230973839215,66
2020-03-05,SYNTH_REGION_1,100000,0.23845492713105948,71
2020-03-06,SYNTH_REGION_1,100000,0.33228386169457824,99
2020-03-07,SYNTH_REGION_1,100000,0.24813568877788705,66
2020-03-08,SYNTH_REGION_1,100000,0.3447146945096755,109
2020-03-09,SYNTH_REGION_1,100000,0.3323509568713079,89
2020-03-10,SYNTH_REGION_1,100000,0.3283400334009186,103
2020-03-11,SYNTH_REGION_1,100000,0.2885337178166282,91
2020-03-12,SYNTH_REGION_1,100000,0.3141971080000989,82
2020-03-13,SYNTH_REGION_1,100000,0.44133624446073844,104
2020-03-14,SYNTH_REGION_1,100000,0.35167553568749277,101
2020-03-15,SYNTH_REGION_1,100000,0.3760886716672748,112
2020-03-16,SYNTH_REGION_1,100000,0.3831515816364027,114
2020-03-17,SYNTH_REGION_1,100000,0.4019603614957612,130
2020-03-18,SYNTH_REGION_1,100000,0.3348463219334292,106
2020-03-19,SYNTH_REGION_1,100000,0.3121485988434993,85
2020-03-20,SYNTH_REGION_1,100000,0.334051119926797,100
2020-03-21,SYNTH_REGION_1,100000,0.31686284136281473,110
2020-03-22,SYNTH_REGION_1,100000,0.3608863849636889,109
2020-03-23,SYNTH_REGION_1,100000,0.32095224397545624,101
2020-03-24,SYNTH_REGION_1,100000,0.31233311367536226,103
2020-03-25,SYNTH_REGION_1,100000,0.2954182603672543,92
2020-03-26,SYNTH_REGION_1,100000,0.336418384028622,100
2020-03-27,SYNTH_REGION_1,100000,0.23387913742763083,86
2020-03-28,SYNTH_REGION_1,100000,0.2224347430393721,69
2020-03-29,SYNTH_REGION_1,100000,0.2754432934342997,84
2020-03-30,SYNTH_REGION_1,100000,0.21035876398766007,52
2020-03-31,SYNTH_REGION_1,100000,0.2180439042673325,21
2020-04-01,SYNTH_REGION_1,100000,0.14787131397223088,8
2020-04-02,SYNTH_REGION_1,100000,0.169979801753195,17
2020-04-03,SYNTH_REGION_1,100000,0.17523914226411302,20
2020-04-04,SYNTH_REGION_1,100000,0.07261767325299279,6
2020-04-05,SYNTH_REGION_1,100000,0.09025329657924028,12
2020-04-06,SYNTH_REGION_1,100000,0.13298534056459657,19
2020-04-07,SYNTH_REGION_1,100000,0.21207081280146656,16
2020-04-08,SYNTH_REGION_1,100000,0.11164257627842375,14
2020-04-09,SYNTH_REGION_1,100000,0.07570147166115833,5
2020-04-10,SYNTH_REGION_1,100000,0.027835628236053477,3
2020-04-11,SYNTH_REGION_1,100000,0.08254947814559961,6
2020-04-12,SYNTH_REGION_1,100000,0.01,0
2020-04-13,SYNTH_REGION_1,100000,0.050801394739735925,5
2020-04-14,SYNTH_REGION_1,100000,0.034314482922793904,10
2020-04-15,SYNTH_REGION_1,100000,0.024029354271625378,2
2020-04-16,SYNTH_REGION_1,100000,0.16683938473306975,15
2020-04-17,SYNTH_REGION_1,100000,0.01,0
2020-04-18,SYNTH_REGION_1,100000,0.05622778158917015,7
2020-04-19,SYNTH_REGION_1,100000,0.06641713527302529,8
2020-04-20,SYNTH_REGION_1,100000,0.09346268033759159,8
2020-04-21,SYNTH_REGION_1,100000,0.01,1
2020-04-22,SYNTH_REGION_1,100000,0.06519714528851309,9
2020-04-23,SYNTH_REGION_1,100000,0.024857988959805843,5
2020-04-24,SYNTH_REGION_1,100000,0.10545127506381734,12
2020-04-25,SYNTH_REGION_1,100000,0.13479597178121555,6
2020-04-26,SYNTH_REGION_1,100000,0.14721385936375536,16
2020-04-27,SYNTH_REGION_1,100000,0.14374696117155814,18
2020-04-28,SYNTH_REGION_1,100000,0.178110392921153,15
2020-04-29,SYNTH_REGION_1,100000,0.19318881345895186,19
2020-04-30,SYNTH_REGION_1,100000,0.22025341919450095,16
2020-05-01,SYNTH_REGION_1,100000,0.2169405301919343,24
2020-05-02,SYNTH_REGION_1,100000,0.14204322198843222,13
2020-05-03,SYNTH_REGION_1,100000,0.2056172129747982,19
2020-05-04,SYNTH_REGION_1,100000,0.2782891680111426,35
2020-05-05,SYNTH_REGION_1,100000,0.22948352344033313,22
2020-05-06,SYNTH_REGION_1,100000,0.24824654442080515,31
2020-05-07,SYNTH_REGION_1,100000,0.30603740912036365,30
2020-05-08,SYNTH_REGION_1,100000,0.3091952605275633,29
2020-05-09,SYNTH_REGION_1,100000,0.3660429012221415,39
2020-05-10,SYNTH_REGION_1,100000,0.35549650499181834,34
2020-05-11,SYNTH_REGION_1,100000,0.3152751275551975,29
2020-05-12,SYNTH_REGION_1,100000,0.34837117626919983,33
2020-05-13,SYNTH_REGION_1,100000,0.20377951457124113,24
2020-05-14,SYNTH_REGION_1,100000,0.3093080265946727,37
2020-05-15,SYNTH_REGION_1,100000,0.3426283845639992,35
2020-05-16,SYNTH_REGION_1,100000,0.2298161271208991,26
2020-05-17,SYNTH_REGION_1,100000,0.3305999912244188,31
2020-05-18,SYNTH_REGION_1,100000,0.35524047857356306,24
2020-05-19,SYNTH_REGION_1,100000,0.38877932616398553,49
2020-05-20,SYNTH_REGION_1,100000,0.35005012821699133,30
2020-05-21,SYNTH_REGION_1,100000,0.41556553416083486,37
2020-05-22,SYNTH_REGION_1,100000,0.38786966290861613,40
2020-05-23,SYNTH_REGION_1,100000,0.2186515207594607,25
2020-05-24,SYNTH_REGION_1,100000,0.27686524933465745,30
2020-05-25,SYNTH_REGION_1,100000,0.26719102400352224,31
2020-05-26,SYNTH_REGION_1,100000,0.2655948909637289,28
2020-05-27,SYNTH_REGION_1,100000,0.21771610933232277,27
2020-05-28,SYNTH_REGION_1,100000,0.26170652484368584,27
2020-05-29,SYNTH_REGION_1,100000,0.2529307306332223,25
2020-05-30,SYNTH_REGION_1,100000,0.12378732309380519,9
2020-05-31,SYNTH_REGION_1,100000,0.231589415097887,21
2020-06-01,SYNTH_REGION_1,100000,0.13643587587107542,11
2020-06-02,SYNTH_REGION_1,100000,0.20646243464557718,22
2020-06-03,SYNTH_REGION_1,100000,0.16722215570832497,16
2020-06-04,SYNTH_REGION_1,100000,0.1184730525834678,9
2020-06-05,SYNTH_REGION_1,100000,0.21125088201107137,26
2020-06-06,SYNTH_REGION_1,100000,0.1441402323246468,12
2020-06-07,SYNTH_REGION_1,100000,0.09014433467595498,5
2020-06-08,SYNTH_REGION_1,100000,0.09109546206169894,7
2020-06-09,SYNTH_REGION_1,100000,0.19085289682411577,19
2020-06-10,SYNTH_REGION_1,100000,0.13382532126018404,10
2020-06-11,SYNTH_REGION_1,100000,0.10482637402194875,4
2020-06-12,SYNTH_REGION_1,100000,0.064038827993628,4
2020-06-13,SYNTH_REGION_1,100000,0.07896079139948332,14
2020-06-14,SYNTH_REGION_1,100000,0.057424060679940124,5
2020-06-15,SYNTH_REGION_1,100000,0.01,1
2020-06-16,SYNTH_REGION_1,100000,0.09756141756397882,8
2020-06-17,SYNTH_REGION_1,100000,0.07808000176283048,4
2020-06-18,SYNTH_REGION_1,100000,0.01,1
2020-06-19,SYNTH_REGION_1,100000,0.03797988867739284,2
2020-06-20,SYNTH_REGION_1,100000,0.06624923222171182,4
2020-06-21,SYNTH_REGION_1,100000,0.10481393324669853,10
2020-06-22,SYNTH_REGION_1,100000,0.18607350399408507,16
2020-06-23,SYNTH_REGION_1,100000,0.11271840208075547,14
2020-06-24,SYNTH_REGION_1,100000,0.027937964840683976,2
2020-06-25,SYNTH_REGION_1,100000,0.17147966714843604,17
2020-06-26,SYNTH_REGION_1,100000,0.14524246633457985,8
2020-06-27,SYNTH_REGION_1,100000,0.08167491817262604,14
2020-06-28,SYNTH_REGION_1,100000,0.07023528861420505,6
